TP,FN,TN,FP,sensitivity,specificity,precision,F1,accuracy,minrep,maxrep,maxspacer,purity,mismatch,gate_search_limit,gate_search_limit_value,total_runtime_sec,total_inner_iterations,total_ctr_sp_pairs,total_raw_hits,total_final_hits
45,0,7,2,1.0,0.7777777777777778,0.9574468085106383,0.9782608695652174,0.9629629629629629,8,1000,20,0.85,0.05,8x_minrep,64,0.0008305804803967476,119309,10714,729,47
45,0,7,2,1.0,0.7777777777777778,0.9574468085106383,0.9782608695652174,0.9629629629629629,8,1000,20,0.85,0.05,4x_minrep,32,0.0008666240610182285,119309,10714,729,47
45,0,7,2,1.0,0.7777777777777778,0.9574468085106383,0.9782608695652174,0.9629629629629629,8,1000,50,0.85,0.0,4x_minrep,32,0.0009163329377770424,124715,11888,732,47
45,0,7,2,1.0,0.7777777777777778,0.9574468085106383,0.9782608695652174,0.9629629629629629,8,1000,50,0.85,0.05,8x_minrep,64,0.0009222887456417084,124715,11888,732,47
45,0,7,2,1.0,0.7777777777777778,0.9574468085106383,0.9782608695652174,0.9629629629629629,8,1000,50,0.85,0.0,8x_minrep,64,0.0009292489849030972,124715,11888,732,47
45,0,7,2,1.0,0.7777777777777778,0.9574468085106383,0.9782608695652174,0.9629629629629629,8,1000,20,0.85,0.05,maxrep,1000,0.0009384169243276119,140512,10714,729,47
45,0,7,2,1.0,0.7777777777777778,0.9574468085106383,0.9782608695652174,0.9629629629629629,8,1000,50,0.85,0.05,4x_minrep,32,0.0009402926079928875,124715,11888,732,47
45,0,7,2,1.0,0.7777777777777778,0.9574468085106383,0.9782608695652174,0.9629629629629629,8,1000,10,0.85,0.15,8x_minrep,64,0.0009507099166512489,95845,7994,839,48
45,0,7,2,1.0,0.7777777777777778,0.9574468085106383,0.9782608695652174,0.9629629629629629,8,1000,20,0.85,0.0,8x_minrep,64,0.0009619202464818954,119309,10714,729,47
45,0,7,2,1.0,0.7777777777777778,0.9574468085106383,0.9782608695652174,0.9629629629629629,8,1000,10,0.85,0.15,4x_minrep,32,0.0009660031646490097,95845,7994,839,48
45,0,7,2,1.0,0.7777777777777778,0.9574468085106383,0.9782608695652174,0.9629629629629629,8,1000,20,0.85,0.0,maxrep,1000,0.0009863730520009995,140512,10714,729,47
45,0,7,2,1.0,0.7777777777777778,0.9574468085106383,0.9782608695652174,0.9629629629629629,6,1000,10,0.85,0.15,8x_minrep,48,0.0009983698837459087,109172,10330,1018,49
45,0,7,2,1.0,0.7777777777777778,0.9574468085106383,0.9782608695652174,0.9629629629629629,8,1000,20,0.85,0.0,4x_minrep,32,0.001007293350994587,119309,10714,729,47
45,0,7,2,1.0,0.7777777777777778,0.9574468085106383,0.9782608695652174,0.9629629629629629,8,1000,50,0.85,0.0,maxrep,1000,0.0010198741219937801,152669,11888,732,47
45,0,7,2,1.0,0.7777777777777778,0.9574468085106383,0.9782608695652174,0.9629629629629629,8,1000,10,0.85,0.15,maxrep,1000,0.001021084375679493,108759,7994,839,48
45,0,7,2,1.0,0.7777777777777778,0.9574468085106383,0.9782608695652174,0.9629629629629629,8,1000,10,0.85,0.1,8x_minrep,64,0.001030081883072853,94433,7994,655,47
45,0,7,2,1.0,0.7777777777777778,0.9574468085106383,0.9782608695652174,0.9629629629629629,6,1000,10,0.85,0.15,maxrep,1000,0.0010374588891863823,123655,10330,1018,49
45,0,7,2,1.0,0.7777777777777778,0.9574468085106383,0.9782608695652174,0.9629629629629629,8,1000,20,0.85,0.1,maxrep,1000,0.0010389117524027824,140512,10714,810,47
45,0,7,2,1.0,0.7777777777777778,0.9574468085106383,0.9782608695652174,0.9629629629629629,8,1000,50,0.85,0.15,8x_minrep,64,0.0010455404408276081,126916,11888,1095,48
45,0,7,2,1.0,0.7777777777777778,0.9574468085106383,0.9782608695652174,0.9629629629629629,8,1000,50,0.85,0.1,8x_minrep,64,0.0010502003133296967,124715,11888,813,47
45,0,7,2,1.0,0.7777777777777778,0.9574468085106383,0.9782608695652174,0.9629629629629629,8,1000,20,0.85,0.15,4x_minrep,32,0.0010552490130066872,121358,10714,1073,48
45,0,7,2,1.0,0.7777777777777778,0.9574468085106383,0.9782608695652174,0.9629629629629629,6,1000,10,0.85,0.15,4x_minrep,24,0.0010717455297708511,108775,10330,1018,49
45,0,7,2,1.0,0.7777777777777778,0.9574468085106383,0.9782608695652174,0.9629629629629629,8,1000,10,0.85,0.1,maxrep,1000,0.0010739960707724094,107347,7994,655,47
45,0,7,2,1.0,0.7777777777777778,0.9574468085106383,0.9782608695652174,0.9629629629629629,8,1000,20,0.85,0.1,8x_minrep,64,0.001075909473001957,119309,10714,810,47
45,0,7,2,1.0,0.7777777777777778,0.9574468085106383,0.9782608695652174,0.9629629629629629,8,1000,50,0.85,0.15,4x_minrep,32,0.0010767076164484024,126916,11888,1095,48
45,0,7,2,1.0,0.7777777777777778,0.9574468085106383,0.9782608695652174,0.9629629629629629,8,1000,20,0.85,0.15,maxrep,1000,0.0010883761569857597,142561,10714,1073,48
45,0,7,2,1.0,0.7777777777777778,0.9574468085106383,0.9782608695652174,0.9629629629629629,8,1000,20,0.85,0.15,8x_minrep,64,0.001094337087124586,121358,10714,1073,48
45,0,7,2,1.0,0.7777777777777778,0.9574468085106383,0.9782608695652174,0.9629629629629629,6,1000,20,0.85,0.15,8x_minrep,48,0.0011108298785984516,143001,14499,1368,49
45,0,7,2,1.0,0.7777777777777778,0.9574468085106383,0.9782608695652174,0.9629629629629629,8,1000,50,0.85,0.05,maxrep,1000,0.0011130371131002903,152669,11888,732,47
45,0,7,2,1.0,0.7777777777777778,0.9574468085106383,0.9782608695652174,0.9629629629629629,8,1000,10,0.85,0.1,4x_minrep,32,0.0011180336587131023,94433,7994,655,47
45,0,7,2,1.0,0.7777777777777778,0.9574468085106383,0.9782608695652174,0.9629629629629629,8,1000,50,0.85,0.1,maxrep,1000,0.0011267070658504963,152669,11888,813,47
45,0,7,2,1.0,0.7777777777777778,0.9574468085106383,0.9782608695652174,0.9629629629629629,8,1000,50,0.85,0.1,4x_minrep,32,0.0011284970678389072,124715,11888,813,47
45,0,7,2,1.0,0.7777777777777778,0.9574468085106383,0.9782608695652174,0.9629629629629629,6,1000,50,0.85,0.15,8x_minrep,48,0.0011710398830473423,150566,16400,1388,49
45,0,7,2,1.0,0.7777777777777778,0.9574468085106383,0.9782608695652174,0.9629629629629629,6,1000,50,0.85,0.15,4x_minrep,24,0.001180251594632864,150169,16400,1388,49
45,0,7,2,1.0,0.7777777777777778,0.9574468085106383,0.9782608695652174,0.9629629629629629,6,1000,20,0.85,0.15,4x_minrep,24,0.0011814208701252937,142604,14499,1368,49
45,0,7,2,1.0,0.7777777777777778,0.9574468085106383,0.9782608695652174,0.9629629629629629,6,1000,50,0.85,0.15,maxrep,1000,0.001287001185119152,184040,16400,1388,49
45,0,7,2,1.0,0.7777777777777778,0.9574468085106383,0.9782608695652174,0.9629629629629629,6,1000,20,0.85,0.15,maxrep,1000,0.001294333953410387,167091,14499,1368,49
45,0,7,2,1.0,0.7777777777777778,0.9574468085106383,0.9782608695652174,0.9629629629629629,8,1000,20,0.85,0.1,4x_minrep,32,0.0013056667521595955,119309,10714,810,47
45,0,7,2,1.0,0.7777777777777778,0.9574468085106383,0.9782608695652174,0.9629629629629629,8,1000,50,0.85,0.15,maxrep,1000,0.0014261244796216488,154870,11888,1095,48
45,0,6,3,1.0,0.6666666666666666,0.9375,0.967741935483871,0.9444444444444444,6,1000,10,0.9,0.15,8x_minrep,48,0.0010539954528212547,109172,10330,987,49
45,0,6,3,1.0,0.6666666666666666,0.9375,0.967741935483871,0.9444444444444444,6,1000,10,0.9,0.15,maxrep,1000,0.001073712483048439,123655,10330,987,49
45,0,6,3,1.0,0.6666666666666666,0.9375,0.967741935483871,0.9444444444444444,6,1000,20,0.9,0.15,4x_minrep,24,0.0011133337393403053,142604,14499,1333,49
45,0,6,3,1.0,0.6666666666666666,0.9375,0.967741935483871,0.9444444444444444,6,1000,50,0.9,0.15,8x_minrep,48,0.0011210869997739792,150566,16400,1353,49
45,0,6,3,1.0,0.6666666666666666,0.9375,0.967741935483871,0.9444444444444444,6,1000,10,0.9,0.15,4x_minrep,24,0.0011404198594391346,108775,10330,987,49
45,0,6,3,1.0,0.6666666666666666,0.9375,0.967741935483871,0.9444444444444444,6,1000,20,0.9,0.15,8x_minrep,48,0.001154417172074318,143001,14499,1333,49
45,0,6,3,1.0,0.6666666666666666,0.9375,0.967741935483871,0.9444444444444444,6,1000,20,0.9,0.15,maxrep,1000,0.0011783349327743053,167091,14499,1333,49
45,0,6,3,1.0,0.6666666666666666,0.9375,0.967741935483871,0.9444444444444444,6,1000,50,0.9,0.15,4x_minrep,24,0.0012429524213075638,150169,16400,1353,49
45,0,6,3,1.0,0.6666666666666666,0.9375,0.967741935483871,0.9444444444444444,6,1000,50,0.9,0.15,maxrep,1000,0.0012439521960914135,184040,16400,1353,49
44,1,7,2,0.9777777777777777,0.7777777777777778,0.9565217391304348,0.967032967032967,0.9444444444444444,8,1000,20,0.95,0.0,8x_minrep,64,0.0008789175190031528,113588,10714,709,46
44,1,7,2,0.9777777777777777,0.7777777777777778,0.9565217391304348,0.967032967032967,0.9444444444444444,8,1000,50,0.95,0.05,4x_minrep,32,0.0008913753554224968,117799,11888,712,46
44,1,7,2,0.9777777777777777,0.7777777777777778,0.9565217391304348,0.967032967032967,0.9444444444444444,8,1000,20,0.95,0.0,4x_minrep,32,0.0008995793759822845,113588,10714,709,46
44,1,7,2,0.9777777777777777,0.7777777777777778,0.9565217391304348,0.967032967032967,0.9444444444444444,8,1000,20,0.9,0.05,maxrep,1000,0.0009064977057278156,140473,10714,719,46
44,1,7,2,0.9777777777777777,0.7777777777777778,0.9565217391304348,0.967032967032967,0.9444444444444444,8,1000,20,0.9,0.05,8x_minrep,64,0.0009074616245925426,113588,10714,719,46
44,1,7,2,0.9777777777777777,0.7777777777777778,0.9565217391304348,0.967032967032967,0.9444444444444444,8,1000,20,0.9,0.1,4x_minrep,32,0.0009116283617913723,113588,10714,799,46
44,1,7,2,0.9777777777777777,0.7777777777777778,0.9565217391304348,0.967032967032967,0.9444444444444444,8,1000,20,0.95,0.1,8x_minrep,64,0.0009116283617913723,113588,10714,751,46
44,1,7,2,0.9777777777777777,0.7777777777777778,0.9565217391304348,0.967032967032967,0.9444444444444444,8,1000,20,0.9,0.05,4x_minrep,32,0.0009225360117852688,113588,10714,719,46
44,1,7,2,0.9777777777777777,0.7777777777777778,0.9565217391304348,0.967032967032967,0.9444444444444444,6,1000,7,0.85,0.1,8x_minrep,48,0.0009257066994905472,88572,8160,757,46
44,1,7,2,0.9777777777777777,0.7777777777777778,0.9565217391304348,0.967032967032967,0.9444444444444444,8,1000,20,0.95,0.1,maxrep,1000,0.0009260876104235649,140473,10714,751,46
44,1,7,2,0.9777777777777777,0.7777777777777778,0.9565217391304348,0.967032967032967,0.9444444444444444,8,1000,50,0.95,0.05,8x_minrep,64,0.0009262934327125549,117799,11888,712,46
44,1,7,2,0.9777777777777777,0.7777777777777778,0.9565217391304348,0.967032967032967,0.9444444444444444,6,1000,7,0.9,0.1,4x_minrep,24,0.000928626861423254,88176,8160,757,46
44,1,7,2,0.9777777777777777,0.7777777777777778,0.9565217391304348,0.967032967032967,0.9444444444444444,8,1000,7,0.85,0.1,8x_minrep,64,0.000931417103856802,77752,6435,535,46
44,1,7,2,0.9777777777777777,0.7777777777777778,0.9565217391304348,0.967032967032967,0.9444444444444444,6,1000,7,0.85,0.1,4x_minrep,24,0.0009317481890320778,88176,8160,757,46
44,1,7,2,0.9777777777777777,0.7777777777777778,0.9565217391304348,0.967032967032967,0.9444444444444444,8,1000,20,0.95,0.05,maxrep,1000,0.0009373743087053299,140473,10714,709,46
44,1,7,2,0.9777777777777777,0.7777777777777778,0.9565217391304348,0.967032967032967,0.9444444444444444,8,1000,20,0.95,0.05,8x_minrep,64,0.00094612967222929,113588,10714,709,46
44,1,7,2,0.9777777777777777,0.7777777777777778,0.9565217391304348,0.967032967032967,0.9444444444444444,8,1000,20,0.9,0.0,8x_minrep,64,0.0009482931345701218,113588,10714,719,46
44,1,7,2,0.9777777777777777,0.7777777777777778,0.9565217391304348,0.967032967032967,0.9444444444444444,8,1000,50,0.95,0.15,8x_minrep,64,0.0009526661597192287,119735,11888,978,47
44,1,7,2,0.9777777777777777,0.7777777777777778,0.9565217391304348,0.967032967032967,0.9444444444444444,8,1000,50,0.9,0.0,4x_minrep,32,0.0009528724476695061,117799,11888,722,46
44,1,7,2,0.9777777777777777,0.7777777777777778,0.9565217391304348,0.967032967032967,0.9444444444444444,6,1000,7,0.85,0.15,4x_minrep,24,0.0009539495222270489,88176,8160,808,48
44,1,7,2,0.9777777777777777,0.7777777777777778,0.9565217391304348,0.967032967032967,0.9444444444444444,8,1000,50,0.95,0.1,4x_minrep,32,0.0009614173322916031,117799,11888,754,46
44,1,7,2,0.9777777777777777,0.7777777777777778,0.9565217391304348,0.967032967032967,0.9444444444444444,8,1000,20,0.95,0.15,4x_minrep,32,0.0009643291123211384,115388,10714,958,47
44,1,7,2,0.9777777777777777,0.7777777777777778,0.9565217391304348,0.967032967032967,0.9444444444444444,8,1000,50,0.9,0.05,4x_minrep,32,0.0009654178284108639,117799,11888,722,46
44,1,7,2,0.9777777777777777,0.7777777777777778,0.9565217391304348,0.967032967032967,0.9444444444444444,8,1000,20,0.9,0.15,8x_minrep,64,0.0009671649895608425,115388,10714,1016,47
44,1,7,2,0.9777777777777777,0.7777777777777778,0.9565217391304348,0.967032967032967,0.9444444444444444,8,1000,20,0.95,0.1,4x_minrep,32,0.0009673698805272579,113588,10714,751,46
44,1,7,2,0.9777777777777777,0.7777777777777778,0.9565217391304348,0.967032967032967,0.9444444444444444,8,1000,20,0.9,0.0,4x_minrep,32,0.0009675463661551476,113588,10714,719,46
44,1,7,2,0.9777777777777777,0.7777777777777778,0.9565217391304348,0.967032967032967,0.9444444444444444,8,1000,50,0.9,0.0,maxrep,1000,0.0009728306904435158,152630,11888,722,46
44,1,7,2,0.9777777777777777,0.7777777777777778,0.9565217391304348,0.967032967032967,0.9444444444444444,8,1000,50,0.95,0.0,4x_minrep,32,0.0009756260551512241,117799,11888,712,46
44,1,7,2,0.9777777777777777,0.7777777777777778,0.9565217391304348,0.967032967032967,0.9444444444444444,8,1000,20,0.95,0.05,4x_minrep,32,0.0009797071106731892,113588,10714,709,46
44,1,7,2,0.9777777777777777,0.7777777777777778,0.9565217391304348,0.967032967032967,0.9444444444444444,8,1000,7,0.85,0.1,maxrep,1000,0.0009898366406559944,87573,6435,535,46
44,1,7,2,0.9777777777777777,0.7777777777777778,0.9565217391304348,0.967032967032967,0.9444444444444444,8,1000,7,0.85,0.1,4x_minrep,32,0.0009938743896782398,77752,6435,535,46
44,1,7,2,0.9777777777777777,0.7777777777777778,0.9565217391304348,0.967032967032967,0.9444444444444444,8,1000,20,0.95,0.0,maxrep,1000,0.000995204783976078,140473,10714,709,46
44,1,7,2,0.9777777777777777,0.7777777777777778,0.9565217391304348,0.967032967032967,0.9444444444444444,6,1000,7,0.9,0.1,maxrep,1000,0.0009996271692216396,99532,8160,757,46
44,1,7,2,0.9777777777777777,0.7777777777777778,0.9565217391304348,0.967032967032967,0.9444444444444444,8,1000,10,0.9,0.1,8x_minrep,64,0.0010009147226810455,90579,7994,647,46
44,1,7,2,0.9777777777777777,0.7777777777777778,0.9565217391304348,0.967032967032967,0.9444444444444444,8,1000,50,0.95,0.1,8x_minrep,64,0.00100379204377532,117799,11888,754,46
44,1,7,2,0.9777777777777777,0.7777777777777778,0.9565217391304348,0.967032967032967,0.9444444444444444,8,1000,50,0.9,0.0,8x_minrep,64,0.0010082069784402847,117799,11888,722,46
44,1,7,2,0.9777777777777777,0.7777777777777778,0.9565217391304348,0.967032967032967,0.9444444444444444,8,1000,50,0.9,0.05,8x_minrep,64,0.0010091671720147133,117799,11888,722,46
44,1,7,2,0.9777777777777777,0.7777777777777778,0.9565217391304348,0.967032967032967,0.9444444444444444,8,1000,10,0.9,0.1,4x_minrep,32,0.0010109194554388523,90579,7994,647,46
44,1,7,2,0.9777777777777777,0.7777777777777778,0.9565217391304348,0.967032967032967,0.9444444444444444,6,1000,7,0.9,0.15,8x_minrep,48,0.0010146712884306908,88572,8160,784,46
44,1,7,2,0.9777777777777777,0.7777777777777778,0.9565217391304348,0.967032967032967,0.9444444444444444,8,1000,50,0.9,0.05,maxrep,1000,0.0010167504660785198,152630,11888,722,46
44,1,7,2,0.9777777777777777,0.7777777777777778,0.9565217391304348,0.967032967032967,0.9444444444444444,6,1000,7,0.85,0.1,maxrep,1000,0.0010197455994784832,99532,8160,757,46
44,1,7,2,0.9777777777777777,0.7777777777777778,0.9565217391304348,0.967032967032967,0.9444444444444444,6,1000,7,0.9,0.15,maxrep,1000,0.0010214578360319138,99532,8160,784,46
44,1,7,2,0.9777777777777777,0.7777777777777778,0.9565217391304348,0.967032967032967,0.9444444444444444,8,1000,7,0.85,0.15,4x_minrep,32,0.0010337564162909985,78843,6435,677,46
44,1,7,2,0.9777777777777777,0.7777777777777778,0.9565217391304348,0.967032967032967,0.9444444444444444,8,1000,20,0.95,0.15,maxrep,1000,0.0010358751751482487,142273,10714,958,47
44,1,7,2,0.9777777777777777,0.7777777777777778,0.9565217391304348,0.967032967032967,0.9444444444444444,8,1000,7,0.85,0.15,maxrep,1000,0.0010370025411248207,88664,6435,677,46
44,1,7,2,0.9777777777777777,0.7777777777777778,0.9565217391304348,0.967032967032967,0.9444444444444444,8,1000,50,0.95,0.0,maxrep,1000,0.0010387902148067951,152630,11888,712,46
44,1,7,2,0.9777777777777777,0.7777777777777778,0.9565217391304348,0.967032967032967,0.9444444444444444,8,1000,7,0.85,0.15,8x_minrep,64,0.0010424591600894928,78843,6435,677,46
44,1,7,2,0.9777777777777777,0.7777777777777778,0.9565217391304348,0.967032967032967,0.9444444444444444,6,1000,7,0.9,0.15,4x_minrep,24,0.0010430426336824894,88176,8160,784,46
44,1,7,2,0.9777777777777777,0.7777777777777778,0.9565217391304348,0.967032967032967,0.9444444444444444,8,1000,50,0.95,0.05,maxrep,1000,0.0010459190234541893,152630,11888,712,46
44,1,7,2,0.9777777777777777,0.7777777777777778,0.9565217391304348,0.967032967032967,0.9444444444444444,8,1000,50,0.95,0.15,maxrep,1000,0.0010470859706401825,154566,11888,978,47
44,1,7,2,0.9777777777777777,0.7777777777777778,0.9565217391304348,0.967032967032967,0.9444444444444444,8,1000,10,0.9,0.15,maxrep,1000,0.0010483702644705772,108486,7994,787,47
44,1,7,2,0.9777777777777777,0.7777777777777778,0.9565217391304348,0.967032967032967,0.9444444444444444,8,1000,20,0.9,0.1,8x_minrep,64,0.0010505057871341705,113588,10714,799,46
44,1,7,2,0.9777777777777777,0.7777777777777778,0.9565217391304348,0.967032967032967,0.9444444444444444,8,1000,50,0.9,0.15,maxrep,1000,0.001055253203958273,154566,11888,1036,47
44,1,7,2,0.9777777777777777,0.7777777777777778,0.9565217391304348,0.967032967032967,0.9444444444444444,8,1000,20,0.9,0.0,maxrep,1000,0.0010553756728768349,140473,10714,719,46
44,1,7,2,0.9777777777777777,0.7777777777777778,0.9565217391304348,0.967032967032967,0.9444444444444444,6,1000,7,0.85,0.15,8x_minrep,48,0.001059708185493946,88572,8160,808,48
44,1,7,2,0.9777777777777777,0.7777777777777778,0.9565217391304348,0.967032967032967,0.9444444444444444,8,1000,20,0.9,0.15,4x_minrep,32,0.001079462468624115,115388,10714,1016,47
44,1,7,2,0.9777777777777777,0.7777777777777778,0.9565217391304348,0.967032967032967,0.9444444444444444,6,1000,7,0.85,0.15,maxrep,1000,0.0010813758708536625,99532,8160,808,48
44,1,7,2,0.9777777777777777,0.7777777777777778,0.9565217391304348,0.967032967032967,0.9444444444444444,8,1000,50,0.9,0.15,4x_minrep,32,0.0010837484151124954,119735,11888,1036,47
44,1,7,2,0.9777777777777777,0.7777777777777778,0.9565217391304348,0.967032967032967,0.9444444444444444,8,1000,50,0.95,0.0,8x_minrep,64,0.0010967496782541275,117799,11888,712,46
44,1,7,2,0.9777777777777777,0.7777777777777778,0.9565217391304348,0.967032967032967,0.9444444444444444,8,1000,50,0.9,0.1,8x_minrep,64,0.0010987501591444016,117799,11888,802,46
44,1,7,2,0.9777777777777777,0.7777777777777778,0.9565217391304348,0.967032967032967,0.9444444444444444,8,1000,20,0.9,0.15,maxrep,1000,0.001098906621336937,142273,10714,1016,47
44,1,7,2,0.9777777777777777,0.7777777777777778,0.9565217391304348,0.967032967032967,0.9444444444444444,8,1000,50,0.9,0.1,maxrep,1000,0.0011075404472649097,152630,11888,802,46
44,1,7,2,0.9777777777777777,0.7777777777777778,0.9565217391304348,0.967032967032967,0.9444444444444444,8,1000,50,0.95,0.15,4x_minrep,32,0.0011130818165838718,119735,11888,978,47
44,1,7,2,0.9777777777777777,0.7777777777777778,0.9565217391304348,0.967032967032967,0.9444444444444444,8,1000,10,0.9,0.15,8x_minrep,64,0.001116790808737278,91735,7994,787,47
44,1,7,2,0.9777777777777777,0.7777777777777778,0.9565217391304348,0.967032967032967,0.9444444444444444,8,1000,10,0.9,0.1,maxrep,1000,0.0011169994249939919,107330,7994,647,46
44,1,7,2,0.9777777777777777,0.7777777777777778,0.9565217391304348,0.967032967032967,0.9444444444444444,8,1000,50,0.9,0.1,4x_minrep,32,0.0011276677250862122,117799,11888,802,46
44,1,7,2,0.9777777777777777,0.7777777777777778,0.9565217391304348,0.967032967032967,0.9444444444444444,8,1000,50,0.9,0.15,8x_minrep,64,0.0011448324657976627,119735,11888,1036,47
44,1,7,2,0.9777777777777777,0.7777777777777778,0.9565217391304348,0.967032967032967,0.9444444444444444,8,1000,50,0.95,0.1,maxrep,1000,0.001157083548605442,152630,11888,754,46
44,1,7,2,0.9777777777777777,0.7777777777777778,0.9565217391304348,0.967032967032967,0.9444444444444444,8,1000,10,0.9,0.15,4x_minrep,32,0.0012157466262578964,91735,7994,787,47
44,1,7,2,0.9777777777777777,0.7777777777777778,0.9565217391304348,0.967032967032967,0.9444444444444444,8,1000,20,0.95,0.15,8x_minrep,64,0.001253793016076088,115388,10714,958,47
44,1,7,2,0.9777777777777777,0.7777777777777778,0.9565217391304348,0.967032967032967,0.9444444444444444,6,1000,7,0.9,0.1,8x_minrep,48,0.001281417440623045,88572,8160,757,46
44,1,7,2,0.9777777777777777,0.7777777777777778,0.9565217391304348,0.967032967032967,0.9444444444444444,8,1000,20,0.9,0.1,maxrep,1000,0.0013680802658200264,140473,10714,799,46
45,0,5,4,1.0,0.5555555555555556,0.9183673469387755,0.9574468085106383,0.9259259259259259,6,1000,20,0.9,0.05,8x_minrep,48,0.0009225825779139996,143001,14499,1213,49
45,0,5,4,1.0,0.5555555555555556,0.9183673469387755,0.9574468085106383,0.9259259259259259,6,1000,20,0.85,0.05,8x_minrep,48,0.0009426693432033062,143001,14499,1216,49
45,0,5,4,1.0,0.5555555555555556,0.9183673469387755,0.9574468085106383,0.9259259259259259,6,1000,20,0.85,0.05,4x_minrep,24,0.0009608338586986065,142604,14499,1216,49
45,0,5,4,1.0,0.5555555555555556,0.9183673469387755,0.9574468085106383,0.9259259259259259,6,1000,20,0.9,0.05,4x_minrep,24,0.0009771655313670635,142604,14499,1213,49
45,0,5,4,1.0,0.5555555555555556,0.9183673469387755,0.9574468085106383,0.9259259259259259,6,1000,50,0.9,0.0,4x_minrep,24,0.000988788902759552,150169,16400,1233,49
45,0,5,4,1.0,0.5555555555555556,0.9183673469387755,0.9574468085106383,0.9259259259259259,6,1000,50,0.85,0.0,4x_minrep,24,0.0010127886198461056,150169,16400,1236,49
45,0,5,4,1.0,0.5555555555555556,0.9183673469387755,0.9574468085106383,0.9259259259259259,6,1000,10,0.9,0.1,8x_minrep,48,0.0010294574312865734,109172,10330,959,49
45,0,5,4,1.0,0.5555555555555556,0.9183673469387755,0.9574468085106383,0.9259259259259259,6,1000,50,0.9,0.0,8x_minrep,48,0.0010303305462002754,150566,16400,1233,49
45,0,5,4,1.0,0.5555555555555556,0.9183673469387755,0.9574468085106383,0.9259259259259259,6,1000,10,0.9,0.1,4x_minrep,24,0.0010474203154444695,108775,10330,959,49
45,0,5,4,1.0,0.5555555555555556,0.9183673469387755,0.9574468085106383,0.9259259259259259,6,1000,20,0.9,0.05,maxrep,1000,0.001050377730280161,167091,14499,1213,49
45,0,5,4,1.0,0.5555555555555556,0.9183673469387755,0.9574468085106383,0.9259259259259259,6,1000,20,0.85,0.0,maxrep,1000,0.001056914683431387,167091,14499,1216,49
45,0,5,4,1.0,0.5555555555555556,0.9183673469387755,0.9574468085106383,0.9259259259259259,6,1000,50,0.85,0.05,8x_minrep,48,0.0010617077350616455,150566,16400,1236,49
45,0,5,4,1.0,0.5555555555555556,0.9183673469387755,0.9574468085106383,0.9259259259259259,6,1000,50,0.85,0.05,maxrep,1000,0.0010701688006520271,184040,16400,1236,49
45,0,5,4,1.0,0.5555555555555556,0.9183673469387755,0.9574468085106383,0.9259259259259259,6,1000,50,0.85,0.1,4x_minrep,24,0.0010775811970233917,150169,16400,1323,49
45,0,5,4,1.0,0.5555555555555556,0.9183673469387755,0.9574468085106383,0.9259259259259259,6,1000,50,0.9,0.1,4x_minrep,24,0.0010968726128339767,150169,16400,1320,49
45,0,5,4,1.0,0.5555555555555556,0.9183673469387755,0.9574468085106383,0.9259259259259259,6,1000,20,0.9,0.0,8x_minrep,48,0.0010981634259223938,143001,14499,1213,49
45,0,5,4,1.0,0.5555555555555556,0.9183673469387755,0.9574468085106383,0.9259259259259259,6,1000,50,0.85,0.05,4x_minrep,24,0.0011006216518580914,150169,16400,1236,49
45,0,5,4,1.0,0.5555555555555556,0.9183673469387755,0.9574468085106383,0.9259259259259259,6,1000,10,0.9,0.1,maxrep,1000,0.0011046216823160648,123655,10330,959,49
45,0,5,4,1.0,0.5555555555555556,0.9183673469387755,0.9574468085106383,0.9259259259259259,6,1000,20,0.9,0.0,maxrep,1000,0.0011052130721509457,167091,14499,1213,49
45,0,5,4,1.0,0.5555555555555556,0.9183673469387755,0.9574468085106383,0.9259259259259259,6,1000,50,0.85,0.0,8x_minrep,48,0.0011054961942136288,150566,16400,1236,49
45,0,5,4,1.0,0.5555555555555556,0.9183673469387755,0.9574468085106383,0.9259259259259259,6,1000,50,0.9,0.05,maxrep,1000,0.0011089569889008999,184040,16400,1233,49
45,0,5,4,1.0,0.5555555555555556,0.9183673469387755,0.9574468085106383,0.9259259259259259,6,1000,10,0.85,0.1,maxrep,1000,0.001112249679863453,123655,10330,961,49
45,0,5,4,1.0,0.5555555555555556,0.9183673469387755,0.9574468085106383,0.9259259259259259,6,1000,10,0.85,0.1,4x_minrep,24,0.0011154175736010075,108775,10330,961,49
45,0,5,4,1.0,0.5555555555555556,0.9183673469387755,0.9574468085106383,0.9259259259259259,6,1000,20,0.85,0.0,8x_minrep,48,0.001123247668147087,143001,14499,1216,49
45,0,5,4,1.0,0.5555555555555556,0.9183673469387755,0.9574468085106383,0.9259259259259259,6,1000,20,0.85,0.0,4x_minrep,24,0.001126791350543499,142604,14499,1216,49
45,0,5,4,1.0,0.5555555555555556,0.9183673469387755,0.9574468085106383,0.9259259259259259,6,1000,20,0.9,0.0,4x_minrep,24,0.0011276677250862122,142604,14499,1213,49
45,0,5,4,1.0,0.5555555555555556,0.9183673469387755,0.9574468085106383,0.9259259259259259,6,1000,50,0.9,0.1,8x_minrep,48,0.001128542236983776,150566,16400,1320,49
45,0,5,4,1.0,0.5555555555555556,0.9183673469387755,0.9574468085106383,0.9259259259259259,6,1000,10,0.85,0.1,8x_minrep,48,0.0011288309469819069,109172,10330,961,49
45,0,5,4,1.0,0.5555555555555556,0.9183673469387755,0.9574468085106383,0.9259259259259259,6,1000,20,0.85,0.1,8x_minrep,48,0.0011380016803741455,143001,14499,1303,49
45,0,5,4,1.0,0.5555555555555556,0.9183673469387755,0.9574468085106383,0.9259259259259259,6,1000,50,0.9,0.05,8x_minrep,48,0.0011433754116296768,150566,16400,1233,49
45,0,5,4,1.0,0.5555555555555556,0.9183673469387755,0.9574468085106383,0.9259259259259259,6,1000,20,0.85,0.1,maxrep,1000,0.0011697919107973576,167091,14499,1303,49
45,0,5,4,1.0,0.5555555555555556,0.9183673469387755,0.9574468085106383,0.9259259259259259,6,1000,20,0.9,0.1,8x_minrep,48,0.001173253171145916,143001,14499,1300,49
45,0,5,4,1.0,0.5555555555555556,0.9183673469387755,0.9574468085106383,0.9259259259259259,6,1000,50,0.85,0.1,maxrep,1000,0.0011889622546732426,184040,16400,1323,49
45,0,5,4,1.0,0.5555555555555556,0.9183673469387755,0.9574468085106383,0.9259259259259259,6,1000,50,0.9,0.0,maxrep,1000,0.0012001274153590202,184040,16400,1233,49
45,0,5,4,1.0,0.5555555555555556,0.9183673469387755,0.9574468085106383,0.9259259259259259,6,1000,50,0.85,0.0,maxrep,1000,0.0012087086215615273,184040,16400,1236,49
45,0,5,4,1.0,0.5555555555555556,0.9183673469387755,0.9574468085106383,0.9259259259259259,6,1000,20,0.85,0.1,4x_minrep,24,0.0012217480689287186,142604,14499,1303,49
45,0,5,4,1.0,0.5555555555555556,0.9183673469387755,0.9574468085106383,0.9259259259259259,6,1000,20,0.9,0.1,maxrep,1000,0.0012415843084454536,167091,14499,1300,49
45,0,5,4,1.0,0.5555555555555556,0.9183673469387755,0.9574468085106383,0.9259259259259259,6,1000,50,0.9,0.05,4x_minrep,24,0.0012469952926039696,150169,16400,1233,49
45,0,5,4,1.0,0.5555555555555556,0.9183673469387755,0.9574468085106383,0.9259259259259259,6,1000,20,0.85,0.05,maxrep,1000,0.0013743732124567032,167091,14499,1216,49
45,0,5,4,1.0,0.5555555555555556,0.9183673469387755,0.9574468085106383,0.9259259259259259,6,1000,20,0.9,0.1,4x_minrep,24,0.0014610006473958492,142604,14499,1300,49
45,0,5,4,1.0,0.5555555555555556,0.9183673469387755,0.9574468085106383,0.9259259259259259,6,1000,50,0.85,0.1,8x_minrep,48,0.0014776671305298805,150566,16400,1323,49
45,0,5,4,1.0,0.5555555555555556,0.9183673469387755,0.9574468085106383,0.9259259259259259,6,1000,50,0.9,0.1,maxrep,1000,0.0015302919782698154,184040,16400,1320,49
44,1,6,3,0.9777777777777777,0.6666666666666666,0.9361702127659575,0.9565217391304347,0.9259259259259259,6,1000,20,0.95,0.15,8x_minrep,48,0.001046959776431322,143001,14499,1265,49
44,1,6,3,0.9777777777777777,0.6666666666666666,0.9361702127659575,0.9565217391304347,0.9259259259259259,6,1000,20,0.95,0.15,4x_minrep,24,0.0010622860863804817,142604,14499,1265,49
44,1,6,3,0.9777777777777777,0.6666666666666666,0.9361702127659575,0.9565217391304347,0.9259259259259259,6,1000,50,0.95,0.15,8x_minrep,48,0.0010830443352460861,150566,16400,1285,49
44,1,6,3,0.9777777777777777,0.6666666666666666,0.9361702127659575,0.9565217391304347,0.9259259259259259,6,1000,50,0.95,0.15,4x_minrep,24,0.0011337054893374443,150169,16400,1285,49
44,1,6,3,0.9777777777777777,0.6666666666666666,0.9361702127659575,0.9565217391304347,0.9259259259259259,6,1000,50,0.95,0.15,maxrep,1000,0.0011516627855598927,184040,16400,1285,49
44,1,6,3,0.9777777777777777,0.6666666666666666,0.9361702127659575,0.9565217391304347,0.9259259259259259,6,1000,20,0.95,0.15,maxrep,1000,0.0011664549820125103,167091,14499,1265,49
43,2,7,2,0.9555555555555556,0.7777777777777778,0.9555555555555556,0.9555555555555556,0.9259259259259259,8,1000,7,0.9,0.1,8x_minrep,64,0.0008998368866741657,74657,6435,529,45
43,2,7,2,0.9555555555555556,0.7777777777777778,0.9555555555555556,0.9555555555555556,0.9259259259259259,8,1000,7,0.9,0.15,8x_minrep,64,0.0009412062354385853,75557,6435,636,45
43,2,7,2,0.9555555555555556,0.7777777777777778,0.9555555555555556,0.9555555555555556,0.9259259259259259,8,1000,5,0.85,0.15,maxrep,1000,0.00095749506726861,71581,5148,532,45
43,2,7,2,0.9555555555555556,0.7777777777777778,0.9555555555555556,0.9555555555555556,0.9259259259259259,8,1000,5,0.85,0.15,8x_minrep,64,0.0009586671367287636,63995,5148,532,45
43,2,7,2,0.9555555555555556,0.7777777777777778,0.9555555555555556,0.9555555555555556,0.9259259259259259,8,1000,7,0.9,0.1,maxrep,1000,0.0009653321467339993,87562,6435,529,45
43,2,7,2,0.9555555555555556,0.7777777777777778,0.9555555555555556,0.9555555555555556,0.9259259259259259,8,1000,7,0.9,0.1,4x_minrep,32,0.0009710416197776794,74657,6435,529,45
43,2,7,2,0.9555555555555556,0.7777777777777778,0.9555555555555556,0.9555555555555556,0.9259259259259259,6,1000,5,0.85,0.15,4x_minrep,24,0.0009758360683917999,70932,6444,633,45
43,2,7,2,0.9555555555555556,0.7777777777777778,0.9555555555555556,0.9555555555555556,0.9259259259259259,8,1000,7,0.9,0.15,maxrep,1000,0.0009801308624446392,88462,6435,636,45
43,2,7,2,0.9555555555555556,0.7777777777777778,0.9555555555555556,0.9555555555555556,0.9259259259259259,6,1000,5,0.85,0.15,8x_minrep,48,0.000986000057309866,71305,6444,633,45
43,2,7,2,0.9555555555555556,0.7777777777777778,0.9555555555555556,0.9555555555555556,0.9259259259259259,6,1000,5,0.85,0.15,maxrep,1000,0.0009929537773132324,79743,6444,633,45
43,2,7,2,0.9555555555555556,0.7777777777777778,0.9555555555555556,0.9555555555555556,0.9259259259259259,8,1000,7,0.9,0.15,4x_minrep,32,0.000996207818388939,75557,6435,636,45
43,2,7,2,0.9555555555555556,0.7777777777777778,0.9555555555555556,0.9555555555555556,0.9259259259259259,8,1000,5,0.85,0.15,4x_minrep,32,0.0010051671415567398,63995,5148,532,45
44,1,5,4,0.9777777777777777,0.5555555555555556,0.9166666666666666,0.946236559139785,0.9074074074074074,6,1000,20,0.95,0.05,8x_minrep,48,0.0009394162334501743,143001,14499,1200,49
44,1,5,4,0.9777777777777777,0.5555555555555556,0.9166666666666666,0.946236559139785,0.9074074074074074,6,1000,20,0.95,0.05,4x_minrep,24,0.0009888745844364166,142604,14499,1200,49
44,1,5,4,0.9777777777777777,0.5555555555555556,0.9166666666666666,0.946236559139785,0.9074074074074074,6,1000,50,0.95,0.0,8x_minrep,48,0.001000992488116026,150566,16400,1220,49
44,1,5,4,0.9777777777777777,0.5555555555555556,0.9166666666666666,0.946236559139785,0.9074074074074074,6,1000,20,0.95,0.05,maxrep,1000,0.0010082889348268509,167091,14499,1200,49
44,1,5,4,0.9777777777777777,0.5555555555555556,0.9166666666666666,0.946236559139785,0.9074074074074074,6,1000,50,0.95,0.0,4x_minrep,24,0.001040956936776638,150169,16400,1220,49
44,1,5,4,0.9777777777777777,0.5555555555555556,0.9166666666666666,0.946236559139785,0.9074074074074074,6,1000,20,0.95,0.0,8x_minrep,48,0.001042874064296484,143001,14499,1200,49
44,1,5,4,0.9777777777777777,0.5555555555555556,0.9166666666666666,0.946236559139785,0.9074074074074074,6,1000,50,0.95,0.1,8x_minrep,48,0.0010433322750031948,150566,16400,1262,49
44,1,5,4,0.9777777777777777,0.5555555555555556,0.9166666666666666,0.946236559139785,0.9074074074074074,6,1000,50,0.95,0.05,8x_minrep,48,0.00105179101228714,150566,16400,1220,49
44,1,5,4,0.9777777777777777,0.5555555555555556,0.9166666666666666,0.946236559139785,0.9074074074074074,6,1000,50,0.95,0.1,4x_minrep,24,0.0010679150000214577,150169,16400,1262,49
44,1,5,4,0.9777777777777777,0.5555555555555556,0.9166666666666666,0.946236559139785,0.9074074074074074,6,1000,20,0.95,0.0,4x_minrep,24,0.0010756230913102627,142604,14499,1200,49
44,1,5,4,0.9777777777777777,0.5555555555555556,0.9166666666666666,0.946236559139785,0.9074074074074074,6,1000,20,0.95,0.1,4x_minrep,24,0.0010879146866500378,142604,14499,1242,49
44,1,5,4,0.9777777777777777,0.5555555555555556,0.9166666666666666,0.946236559139785,0.9074074074074074,6,1000,50,0.95,0.05,maxrep,1000,0.0010900837369263172,184040,16400,1220,49
44,1,5,4,0.9777777777777777,0.5555555555555556,0.9166666666666666,0.946236559139785,0.9074074074074074,6,1000,20,0.95,0.0,maxrep,1000,0.0011061234399676323,167091,14499,1200,49
44,1,5,4,0.9777777777777777,0.5555555555555556,0.9166666666666666,0.946236559139785,0.9074074074074074,6,1000,50,0.95,0.0,maxrep,1000,0.0011491281911730766,184040,16400,1220,49
44,1,5,4,0.9777777777777777,0.5555555555555556,0.9166666666666666,0.946236559139785,0.9074074074074074,6,1000,50,0.95,0.05,4x_minrep,24,0.001154294703155756,150169,16400,1220,49
44,1,5,4,0.9777777777777777,0.5555555555555556,0.9166666666666666,0.946236559139785,0.9074074074074074,6,1000,20,0.95,0.1,maxrep,1000,0.0011623748578131199,167091,14499,1242,49
44,1,5,4,0.9777777777777777,0.5555555555555556,0.9166666666666666,0.946236559139785,0.9074074074074074,6,1000,20,0.95,0.1,8x_minrep,48,0.001358953770250082,143001,14499,1242,49
44,1,5,4,0.9777777777777777,0.5555555555555556,0.9166666666666666,0.946236559139785,0.9074074074074074,6,1000,50,0.95,0.1,maxrep,1000,0.0015312903560698032,184040,16400,1262,49
38,7,8,1,0.8444444444444444,0.8888888888888888,0.9743589743589743,0.9047619047619048,0.8518518518518519,10,1000,10,0.9,0.1,8x_minrep,80,0.0008479589596390724,74863,5828,524,39
38,7,8,1,0.8444444444444444,0.8888888888888888,0.9743589743589743,0.9047619047619048,0.8518518518518519,10,1000,50,0.9,0.1,8x_minrep,80,0.0008495459333062172,93782,8240,624,39
38,7,8,1,0.8444444444444444,0.8888888888888888,0.9743589743589743,0.9047619047619048,0.8518518518518519,10,1000,10,0.85,0.1,4x_minrep,40,0.0008629169315099716,74863,5828,524,39
38,7,8,1,0.8444444444444444,0.8888888888888888,0.9743589743589743,0.9047619047619048,0.8518518518518519,10,1000,20,0.9,0.1,4x_minrep,40,0.0008715363219380379,91091,7584,622,39
38,7,8,1,0.8444444444444444,0.8888888888888888,0.9743589743589743,0.9047619047619048,0.8518518518518519,10,1000,10,0.85,0.15,maxrep,1000,0.0008729170076549053,88117,5828,543,39
38,7,8,1,0.8444444444444444,0.8888888888888888,0.9743589743589743,0.9047619047619048,0.8518518518518519,10,1000,50,0.85,0.15,8x_minrep,80,0.0008770828135311604,93782,8240,643,39
38,7,8,1,0.8444444444444444,0.8888888888888888,0.9743589743589743,0.9047619047619048,0.8518518518518519,10,1000,10,0.85,0.15,8x_minrep,80,0.0008806674741208553,74863,5828,543,39
38,7,8,1,0.8444444444444444,0.8888888888888888,0.9743589743589743,0.9047619047619048,0.8518518518518519,10,1000,10,0.9,0.15,4x_minrep,40,0.0008839992806315422,74863,5828,541,39
38,7,8,1,0.8444444444444444,0.8888888888888888,0.9743589743589743,0.9047619047619048,0.8518518518518519,10,1000,20,0.9,0.15,4x_minrep,40,0.0008877525106072426,91091,7584,639,39
38,7,8,1,0.8444444444444444,0.8888888888888888,0.9743589743589743,0.9047619047619048,0.8518518518518519,10,1000,10,0.9,0.1,4x_minrep,40,0.0008965805172920227,74863,5828,524,39
38,7,8,1,0.8444444444444444,0.8888888888888888,0.9743589743589743,0.9047619047619048,0.8518518518518519,10,1000,10,0.85,0.1,8x_minrep,80,0.0008972091600298882,74863,5828,524,39
38,7,8,1,0.8444444444444444,0.8888888888888888,0.9743589743589743,0.9047619047619048,0.8518518518518519,10,1000,20,0.9,0.1,8x_minrep,80,0.0009052525274455547,91091,7584,622,39
38,7,8,1,0.8444444444444444,0.8888888888888888,0.9743589743589743,0.9047619047619048,0.8518518518518519,10,1000,50,0.85,0.15,4x_minrep,40,0.0009058825671672821,93782,8240,643,39
38,7,8,1,0.8444444444444444,0.8888888888888888,0.9743589743589743,0.9047619047619048,0.8518518518518519,10,1000,10,0.85,0.15,4x_minrep,40,0.0009113708510994911,74863,5828,543,39
38,7,8,1,0.8444444444444444,0.8888888888888888,0.9743589743589743,0.9047619047619048,0.8518518518518519,10,1000,20,0.85,0.1,4x_minrep,40,0.0009132479317486286,91091,7584,622,39
38,7,8,1,0.8444444444444444,0.8888888888888888,0.9743589743589743,0.9047619047619048,0.8518518518518519,10,1000,10,0.9,0.1,maxrep,1000,0.0009180805645883083,88117,5828,524,39
38,7,8,1,0.8444444444444444,0.8888888888888888,0.9743589743589743,0.9047619047619048,0.8518518518518519,10,1000,20,0.9,0.15,8x_minrep,80,0.0009209569543600082,91091,7584,639,39
38,7,8,1,0.8444444444444444,0.8888888888888888,0.9743589743589743,0.9047619047619048,0.8518518518518519,10,1000,20,0.85,0.15,8x_minrep,80,0.000932082999497652,91091,7584,641,39
38,7,8,1,0.8444444444444444,0.8888888888888888,0.9743589743589743,0.9047619047619048,0.8518518518518519,10,1000,10,0.9,0.15,8x_minrep,80,0.0009375866502523422,74863,5828,541,39
38,7,8,1,0.8444444444444444,0.8888888888888888,0.9743589743589743,0.9047619047619048,0.8518518518518519,10,1000,50,0.9,0.15,4x_minrep,40,0.0009410027414560318,93782,8240,641,39
38,7,8,1,0.8444444444444444,0.8888888888888888,0.9743589743589743,0.9047619047619048,0.8518518518518519,10,1000,50,0.85,0.15,maxrep,1000,0.0009439177811145782,120597,8240,643,39
38,7,8,1,0.8444444444444444,0.8888888888888888,0.9743589743589743,0.9047619047619048,0.8518518518518519,10,1000,20,0.9,0.1,maxrep,1000,0.0009480039589107037,112825,7584,622,39
38,7,8,1,0.8444444444444444,0.8888888888888888,0.9743589743589743,0.9047619047619048,0.8518518518518519,10,1000,50,0.9,0.1,maxrep,1000,0.0009487085044384003,120597,8240,624,39
38,7,8,1,0.8444444444444444,0.8888888888888888,0.9743589743589743,0.9047619047619048,0.8518518518518519,10,1000,10,0.85,0.1,maxrep,1000,0.0009514139965176582,88117,5828,524,39
38,7,8,1,0.8444444444444444,0.8888888888888888,0.9743589743589743,0.9047619047619048,0.8518518518518519,10,1000,50,0.9,0.1,4x_minrep,40,0.0009516654536128044,93782,8240,624,39
38,7,8,1,0.8444444444444444,0.8888888888888888,0.9743589743589743,0.9047619047619048,0.8518518518518519,10,1000,50,0.85,0.1,8x_minrep,80,0.0009572501294314861,93782,8240,624,39
38,7,8,1,0.8444444444444444,0.8888888888888888,0.9743589743589743,0.9047619047619048,0.8518518518518519,10,1000,20,0.85,0.1,8x_minrep,80,0.0009589577093720436,91091,7584,622,39
38,7,8,1,0.8444444444444444,0.8888888888888888,0.9743589743589743,0.9047619047619048,0.8518518518518519,10,1000,50,0.85,0.1,4x_minrep,40,0.0009626238606870174,93782,8240,624,39
38,7,8,1,0.8444444444444444,0.8888888888888888,0.9743589743589743,0.9047619047619048,0.8518518518518519,10,1000,20,0.85,0.15,4x_minrep,40,0.0009628315456211567,91091,7584,641,39
38,7,8,1,0.8444444444444444,0.8888888888888888,0.9743589743589743,0.9047619047619048,0.8518518518518519,10,1000,10,0.9,0.15,maxrep,1000,0.0009699566289782524,88117,5828,541,39
38,7,8,1,0.8444444444444444,0.8888888888888888,0.9743589743589743,0.9047619047619048,0.8518518518518519,10,1000,50,0.9,0.15,8x_minrep,80,0.0009799562394618988,93782,8240,641,39
38,7,8,1,0.8444444444444444,0.8888888888888888,0.9743589743589743,0.9047619047619048,0.8518518518518519,10,1000,50,0.9,0.15,maxrep,1000,0.0009859977290034294,120597,8240,641,39
38,7,8,1,0.8444444444444444,0.8888888888888888,0.9743589743589743,0.9047619047619048,0.8518518518518519,10,1000,50,0.85,0.1,maxrep,1000,0.0009874547831714153,120597,8240,624,39
38,7,8,1,0.8444444444444444,0.8888888888888888,0.9743589743589743,0.9047619047619048,0.8518518518518519,10,1000,20,0.85,0.15,maxrep,1000,0.0009937114082276821,112825,7584,641,39
38,7,8,1,0.8444444444444444,0.8888888888888888,0.9743589743589743,0.9047619047619048,0.8518518518518519,10,1000,20,0.85,0.1,maxrep,1000,0.0010064616799354553,112825,7584,622,39
38,7,8,1,0.8444444444444444,0.8888888888888888,0.9743589743589743,0.9047619047619048,0.8518518518518519,10,1000,20,0.9,0.15,maxrep,1000,0.00104058301076293,112825,7584,639,39
37,8,8,1,0.8222222222222222,0.8888888888888888,0.9736842105263158,0.891566265060241,0.8333333333333334,10,1000,7,0.9,0.1,4x_minrep,40,0.0007943315431475639,62653,4778,427,38
37,8,8,1,0.8222222222222222,0.8888888888888888,0.9736842105263158,0.891566265060241,0.8333333333333334,10,1000,7,0.9,0.15,4x_minrep,40,0.0008252523839473724,62653,4778,444,38
37,8,8,1,0.8222222222222222,0.8888888888888888,0.9736842105263158,0.891566265060241,0.8333333333333334,10,1000,7,0.9,0.15,8x_minrep,80,0.0008380860090255737,62653,4778,444,38
37,8,8,1,0.8222222222222222,0.8888888888888888,0.9736842105263158,0.891566265060241,0.8333333333333334,10,1000,7,0.9,0.1,8x_minrep,80,0.0008462546393275261,62653,4778,427,38
37,8,8,1,0.8222222222222222,0.8888888888888888,0.9736842105263158,0.891566265060241,0.8333333333333334,10,1000,7,0.85,0.15,8x_minrep,80,0.00085441954433918,62653,4778,446,38
37,8,8,1,0.8222222222222222,0.8888888888888888,0.9736842105263158,0.891566265060241,0.8333333333333334,10,1000,7,0.85,0.15,maxrep,1000,0.0008718348108232021,72760,4778,446,38
37,8,8,1,0.8222222222222222,0.8888888888888888,0.9736842105263158,0.891566265060241,0.8333333333333334,10,1000,7,0.85,0.1,8x_minrep,80,0.0008781268261373043,62653,4778,427,38
37,8,8,1,0.8222222222222222,0.8888888888888888,0.9736842105263158,0.891566265060241,0.8333333333333334,10,1000,7,0.9,0.1,maxrep,1000,0.0008810926228761673,72760,4778,427,38
37,8,8,1,0.8222222222222222,0.8888888888888888,0.9736842105263158,0.891566265060241,0.8333333333333334,10,1000,7,0.9,0.15,maxrep,1000,0.000884039793163538,72760,4778,444,38
37,8,8,1,0.8222222222222222,0.8888888888888888,0.9736842105263158,0.891566265060241,0.8333333333333334,10,1000,7,0.85,0.15,4x_minrep,40,0.0009024129249155521,62653,4778,446,38
37,8,8,1,0.8222222222222222,0.8888888888888888,0.9736842105263158,0.891566265060241,0.8333333333333334,10,1000,7,0.85,0.1,maxrep,1000,0.0009269979782402515,72760,4778,427,38
37,8,8,1,0.8222222222222222,0.8888888888888888,0.9736842105263158,0.891566265060241,0.8333333333333334,10,1000,7,0.85,0.1,4x_minrep,40,0.0009305067360401154,62653,4778,427,38
36,9,8,1,0.8,0.8888888888888888,0.972972972972973,0.8780487804878049,0.8148148148148148,10,1000,5,0.9,0.1,maxrep,1000,0.0007504988461732864,59340,3871,342,37
36,9,8,1,0.8,0.8888888888888888,0.972972972972973,0.8780487804878049,0.8148148148148148,10,1000,5,0.9,0.1,8x_minrep,80,0.0007570423185825348,51514,3871,342,37
36,9,8,1,0.8,0.8888888888888888,0.972972972972973,0.8780487804878049,0.8148148148148148,10,1000,5,0.9,0.1,4x_minrep,40,0.0007821270264685154,51514,3871,342,37
36,9,8,1,0.8,0.8888888888888888,0.972972972972973,0.8780487804878049,0.8148148148148148,10,1000,5,0.9,0.15,8x_minrep,80,0.0007913345471024513,51514,3871,359,37
36,9,8,1,0.8,0.8888888888888888,0.972972972972973,0.8780487804878049,0.8148148148148148,10,1000,5,0.85,0.1,maxrep,1000,0.000799667090177536,59340,3871,342,37
36,9,8,1,0.8,0.8888888888888888,0.972972972972973,0.8780487804878049,0.8148148148148148,10,1000,5,0.9,0.15,4x_minrep,40,0.0008016289211809635,51514,3871,359,37
36,9,8,1,0.8,0.8888888888888888,0.972972972972973,0.8780487804878049,0.8148148148148148,10,1000,5,0.85,0.15,4x_minrep,40,0.0008045835420489311,51514,3871,361,37
36,9,8,1,0.8,0.8888888888888888,0.972972972972973,0.8780487804878049,0.8148148148148148,6,1000,5,0.9,0.1,8x_minrep,48,0.0008067954331636429,71305,6444,591,37
36,9,8,1,0.8,0.8888888888888888,0.972972972972973,0.8780487804878049,0.8148148148148148,8,1000,5,0.85,0.1,8x_minrep,64,0.0008162097074091434,63153,5148,416,37
36,9,8,1,0.8,0.8888888888888888,0.972972972972973,0.8780487804878049,0.8148148148148148,6,1000,5,0.9,0.1,maxrep,1000,0.0008212560787796974,79743,6444,591,37
36,9,8,1,0.8,0.8888888888888888,0.972972972972973,0.8780487804878049,0.8148148148148148,10,1000,5,0.85,0.1,4x_minrep,40,0.000823871698230505,51514,3871,342,37
36,9,8,1,0.8,0.8888888888888888,0.972972972972973,0.8780487804878049,0.8148148148148148,10,1000,5,0.85,0.1,8x_minrep,80,0.0008275029249489307,51514,3871,342,37
36,9,8,1,0.8,0.8888888888888888,0.972972972972973,0.8780487804878049,0.8148148148148148,6,1000,5,0.9,0.15,4x_minrep,24,0.0008309106342494488,70932,6444,615,37
36,9,8,1,0.8,0.8888888888888888,0.972972972972973,0.8780487804878049,0.8148148148148148,8,1000,5,0.85,0.1,4x_minrep,32,0.0008327090181410313,63153,5148,416,37
36,9,8,1,0.8,0.8888888888888888,0.972972972972973,0.8780487804878049,0.8148148148148148,10,1000,5,0.9,0.15,maxrep,1000,0.0008571618236601353,59340,3871,359,37
36,9,8,1,0.8,0.8888888888888888,0.972972972972973,0.8780487804878049,0.8148148148148148,10,1000,5,0.85,0.15,8x_minrep,80,0.0008736257441341877,51514,3871,361,37
36,9,8,1,0.8,0.8888888888888888,0.972972972972973,0.8780487804878049,0.8148148148148148,6,1000,5,0.9,0.1,4x_minrep,24,0.0008744169026613235,70932,6444,591,37
36,9,8,1,0.8,0.8888888888888888,0.972972972972973,0.8780487804878049,0.8148148148148148,10,1000,5,0.85,0.15,maxrep,1000,0.0008770395070314407,59340,3871,361,37
36,9,8,1,0.8,0.8888888888888888,0.972972972972973,0.8780487804878049,0.8148148148148148,8,1000,5,0.85,0.1,maxrep,1000,0.0008888761512935162,70739,5148,416,37
36,9,8,1,0.8,0.8888888888888888,0.972972972972973,0.8780487804878049,0.8148148148148148,6,1000,5,0.85,0.1,4x_minrep,24,0.0009066634811460972,70932,6444,591,37
36,9,8,1,0.8,0.8888888888888888,0.972972972972973,0.8780487804878049,0.8148148148148148,6,1000,5,0.9,0.15,maxrep,1000,0.0009095426648855209,79743,6444,615,37
36,9,8,1,0.8,0.8888888888888888,0.972972972972973,0.8780487804878049,0.8148148148148148,6,1000,5,0.85,0.1,maxrep,1000,0.0009124996140599251,79743,6444,591,37
36,9,8,1,0.8,0.8888888888888888,0.972972972972973,0.8780487804878049,0.8148148148148148,6,1000,5,0.85,0.1,8x_minrep,48,0.0009335363283753395,71305,6444,591,37
36,9,8,1,0.8,0.8888888888888888,0.972972972972973,0.8780487804878049,0.8148148148148148,6,1000,5,0.9,0.15,8x_minrep,48,0.0012253331951797009,71305,6444,615,37
36,9,7,2,0.8,0.7777777777777778,0.9473684210526315,0.8674698795180723,0.7962962962962963,8,1000,10,0.95,0.1,4x_minrep,32,0.0008187075145542622,90579,7994,608,38
36,9,7,2,0.8,0.7777777777777778,0.9473684210526315,0.8674698795180723,0.7962962962962963,8,1000,10,0.95,0.1,maxrep,1000,0.0008699218742549419,107330,7994,608,38
36,9,7,2,0.8,0.7777777777777778,0.9473684210526315,0.8674698795180723,0.7962962962962963,8,1000,10,0.95,0.15,4x_minrep,32,0.0008768746629357338,91735,7994,738,39
36,9,7,2,0.8,0.7777777777777778,0.9473684210526315,0.8674698795180723,0.7962962962962963,8,1000,10,0.95,0.1,8x_minrep,64,0.0008842935785651207,90579,7994,608,38
36,9,7,2,0.8,0.7777777777777778,0.9473684210526315,0.8674698795180723,0.7962962962962963,8,1000,10,0.95,0.15,8x_minrep,64,0.0009173732250928879,91735,7994,738,39
36,9,7,2,0.8,0.7777777777777778,0.9473684210526315,0.8674698795180723,0.7962962962962963,8,1000,10,0.95,0.15,maxrep,1000,0.000983834732323885,108486,7994,738,39
35,10,8,1,0.7777777777777778,0.8888888888888888,0.9722222222222222,0.8641975308641976,0.7962962962962963,10,1000,3,0.9,0.15,8x_minrep,80,0.0007154522463679314,37644,2787,256,36
35,10,8,1,0.7777777777777778,0.8888888888888888,0.9722222222222222,0.8641975308641976,0.7962962962962963,10,1000,3,0.9,0.15,maxrep,1000,0.0007218797691166401,43038,2787,256,36
35,10,8,1,0.7777777777777778,0.8888888888888888,0.9722222222222222,0.8641975308641976,0.7962962962962963,8,1000,5,0.9,0.1,8x_minrep,64,0.0007507093250751495,60669,5148,411,36
35,10,8,1,0.7777777777777778,0.8888888888888888,0.9722222222222222,0.8641975308641976,0.7962962962962963,8,1000,3,0.85,0.15,8x_minrep,64,0.0007682922296226025,46102,3648,369,36
35,10,8,1,0.7777777777777778,0.8888888888888888,0.9722222222222222,0.8641975308641976,0.7962962962962963,10,1000,3,0.9,0.15,4x_minrep,40,0.0007745842449367046,37644,2787,256,36
35,10,8,1,0.7777777777777778,0.8888888888888888,0.9722222222222222,0.8641975308641976,0.7962962962962963,10,1000,3,0.85,0.15,8x_minrep,80,0.0007785344496369362,37644,2787,258,36
35,10,8,1,0.7777777777777778,0.8888888888888888,0.9722222222222222,0.8641975308641976,0.7962962962962963,10,1000,3,0.85,0.15,4x_minrep,40,0.0007807514630258083,37644,2787,258,36
35,10,8,1,0.7777777777777778,0.8888888888888888,0.9722222222222222,0.8641975308641976,0.7962962962962963,8,1000,3,0.85,0.15,maxrep,1000,0.0007819980382919312,51310,3648,369,36
35,10,8,1,0.7777777777777778,0.8888888888888888,0.9722222222222222,0.8641975308641976,0.7962962962962963,6,1000,3,0.9,0.15,8x_minrep,48,0.0007898337207734585,50913,4512,427,36
35,10,8,1,0.7777777777777778,0.8888888888888888,0.9722222222222222,0.8641975308641976,0.7962962962962963,8,1000,3,0.85,0.15,4x_minrep,32,0.0007913755252957344,46102,3648,369,36
35,10,8,1,0.7777777777777778,0.8888888888888888,0.9722222222222222,0.8641975308641976,0.7962962962962963,8,1000,5,0.9,0.15,4x_minrep,32,0.0008027986623346806,61370,5148,498,36
35,10,8,1,0.7777777777777778,0.8888888888888888,0.9722222222222222,0.8641975308641976,0.7962962962962963,8,1000,5,0.9,0.1,maxrep,1000,0.0008110427297651768,70728,5148,411,36
35,10,8,1,0.7777777777777778,0.8888888888888888,0.9722222222222222,0.8641975308641976,0.7962962962962963,10,1000,3,0.85,0.15,maxrep,1000,0.0008111675269901752,43038,2787,258,36
35,10,8,1,0.7777777777777778,0.8888888888888888,0.9722222222222222,0.8641975308641976,0.7962962962962963,6,1000,3,0.85,0.15,4x_minrep,24,0.0008128359913825989,50600,4512,434,36
35,10,8,1,0.7777777777777778,0.8888888888888888,0.9722222222222222,0.8641975308641976,0.7962962962962963,8,1000,5,0.9,0.15,8x_minrep,64,0.0008190474472939968,61370,5148,498,36
35,10,8,1,0.7777777777777778,0.8888888888888888,0.9722222222222222,0.8641975308641976,0.7962962962962963,6,1000,3,0.9,0.15,maxrep,1000,0.0008192886598408222,56689,4512,427,36
35,10,8,1,0.7777777777777778,0.8888888888888888,0.9722222222222222,0.8641975308641976,0.7962962962962963,6,1000,3,0.85,0.15,8x_minrep,48,0.0008504209108650684,50913,4512,434,36
35,10,8,1,0.7777777777777778,0.8888888888888888,0.9722222222222222,0.8641975308641976,0.7962962962962963,8,1000,5,0.9,0.15,maxrep,1000,0.0008630394004285336,71429,5148,498,36
35,10,8,1,0.7777777777777778,0.8888888888888888,0.9722222222222222,0.8641975308641976,0.7962962962962963,6,1000,3,0.85,0.15,maxrep,1000,0.0008636307902634144,56689,4512,434,36
35,10,8,1,0.7777777777777778,0.8888888888888888,0.9722222222222222,0.8641975308641976,0.7962962962962963,8,1000,5,0.9,0.1,4x_minrep,32,0.0010616644285619259,60669,5148,411,36
35,10,8,1,0.7777777777777778,0.8888888888888888,0.9722222222222222,0.8641975308641976,0.7962962962962963,6,1000,3,0.9,0.15,4x_minrep,24,0.00122763030230999,50600,4512,427,36
36,9,6,3,0.8,0.6666666666666666,0.9230769230769231,0.8571428571428571,0.7777777777777778,6,1000,10,0.95,0.15,8x_minrep,48,0.0009427485056221485,109172,10330,928,40
36,9,6,3,0.8,0.6666666666666666,0.9230769230769231,0.8571428571428571,0.7777777777777778,6,1000,10,0.95,0.15,4x_minrep,24,0.0009880028665065765,108775,10330,928,40
36,9,6,3,0.8,0.6666666666666666,0.9230769230769231,0.8571428571428571,0.7777777777777778,6,1000,10,0.95,0.15,maxrep,1000,0.0010677431710064411,123655,10330,928,40
35,10,7,2,0.7777777777777778,0.7777777777777778,0.9459459459459459,0.8536585365853658,0.7777777777777778,8,1000,7,0.95,0.1,8x_minrep,64,0.000755959190428257,74657,6435,507,37
35,10,7,2,0.7777777777777778,0.7777777777777778,0.9459459459459459,0.8536585365853658,0.7777777777777778,8,1000,7,0.95,0.1,4x_minrep,32,0.0007745386101305485,74657,6435,507,37
35,10,7,2,0.7777777777777778,0.7777777777777778,0.9459459459459459,0.8536585365853658,0.7777777777777778,6,1000,7,0.95,0.15,4x_minrep,24,0.0008180397562682629,88176,8160,742,37
35,10,7,2,0.7777777777777778,0.7777777777777778,0.9459459459459459,0.8536585365853658,0.7777777777777778,6,1000,7,0.95,0.1,8x_minrep,48,0.000830081757158041,88572,8160,725,37
35,10,7,2,0.7777777777777778,0.7777777777777778,0.9459459459459459,0.8536585365853658,0.7777777777777778,8,1000,7,0.95,0.15,maxrep,1000,0.000853709876537323,88462,6435,604,37
35,10,7,2,0.7777777777777778,0.7777777777777778,0.9459459459459459,0.8536585365853658,0.7777777777777778,6,1000,7,0.95,0.15,8x_minrep,48,0.0008624172769486904,88572,8160,742,37
35,10,7,2,0.7777777777777778,0.7777777777777778,0.9459459459459459,0.8536585365853658,0.7777777777777778,8,1000,7,0.95,0.15,8x_minrep,64,0.0008659190498292446,75557,6435,604,37
35,10,7,2,0.7777777777777778,0.7777777777777778,0.9459459459459459,0.8536585365853658,0.7777777777777778,8,1000,7,0.95,0.1,maxrep,1000,0.0008745007216930389,87562,6435,507,37
35,10,7,2,0.7777777777777778,0.7777777777777778,0.9459459459459459,0.8536585365853658,0.7777777777777778,6,1000,7,0.95,0.1,4x_minrep,24,0.0008835415355861187,88176,8160,725,37
35,10,7,2,0.7777777777777778,0.7777777777777778,0.9459459459459459,0.8536585365853658,0.7777777777777778,6,1000,7,0.95,0.1,maxrep,1000,0.0008891220204532146,99532,8160,725,37
35,10,7,2,0.7777777777777778,0.7777777777777778,0.9459459459459459,0.8536585365853658,0.7777777777777778,6,1000,7,0.95,0.15,maxrep,1000,0.0012744991108775139,99532,8160,742,37
35,10,7,2,0.7777777777777778,0.7777777777777778,0.9459459459459459,0.8536585365853658,0.7777777777777778,8,1000,7,0.95,0.15,4x_minrep,32,0.0012782071717083454,75557,6435,604,37
34,11,8,1,0.7555555555555555,0.8888888888888888,0.9714285714285714,0.85,0.7777777777777778,8,1000,3,0.9,0.15,maxrep,1000,0.0007776250131428242,51202,3648,351,35
34,11,8,1,0.7555555555555555,0.8888888888888888,0.9714285714285714,0.85,0.7777777777777778,8,1000,3,0.9,0.15,8x_minrep,64,0.000798745546489954,44247,3648,351,35
34,11,8,1,0.7555555555555555,0.8888888888888888,0.9714285714285714,0.85,0.7777777777777778,8,1000,3,0.9,0.15,4x_minrep,32,0.0008083288557827473,44247,3648,351,35
36,9,5,4,0.8,0.5555555555555556,0.9,0.8470588235294118,0.7592592592592593,6,1000,10,0.95,0.1,8x_minrep,48,0.0009191269055008888,109172,10330,910,40
36,9,5,4,0.8,0.5555555555555556,0.9,0.8470588235294118,0.7592592592592593,6,1000,10,0.95,0.1,4x_minrep,24,0.0009351223707199097,108775,10330,910,40
36,9,5,4,0.8,0.5555555555555556,0.9,0.8470588235294118,0.7592592592592593,6,1000,10,0.95,0.1,maxrep,1000,0.0010005878284573555,123655,10330,910,40
33,12,9,0,0.7333333333333333,1.0,1.0,0.846153846153846,0.7777777777777778,12,1000,50,0.9,0.1,4x_minrep,48,0.0006969943642616272,40664,5453,336,33
33,12,9,0,0.7333333333333333,1.0,1.0,0.846153846153846,0.7777777777777778,12,1000,10,0.85,0.15,4x_minrep,48,0.000703329686075449,35936,3945,324,33
33,12,9,0,0.7333333333333333,1.0,1.0,0.846153846153846,0.7777777777777778,12,1000,10,0.9,0.1,8x_minrep,96,0.0007092920131981373,35936,3945,305,33
33,12,9,0,0.7333333333333333,1.0,1.0,0.846153846153846,0.7777777777777778,12,1000,50,0.9,0.1,8x_minrep,96,0.0007093790918588638,40664,5453,336,33
33,12,9,0,0.7333333333333333,1.0,1.0,0.846153846153846,0.7777777777777778,12,1000,50,0.85,0.1,8x_minrep,96,0.0007101218216121197,40664,5453,336,33
33,12,9,0,0.7333333333333333,1.0,1.0,0.846153846153846,0.7777777777777778,12,1000,50,0.85,0.1,4x_minrep,48,0.0007112096063792706,40664,5453,336,33
33,12,9,0,0.7333333333333333,1.0,1.0,0.846153846153846,0.7777777777777778,12,1000,20,0.85,0.15,4x_minrep,48,0.0007121646776795387,40149,5140,355,33
33,12,9,0,0.7333333333333333,1.0,1.0,0.846153846153846,0.7777777777777778,12,1000,20,0.85,0.15,8x_minrep,96,0.0007125409319996834,40149,5140,355,33
33,12,9,0,0.7333333333333333,1.0,1.0,0.846153846153846,0.7777777777777778,12,1000,10,0.85,0.15,8x_minrep,96,0.0007173726335167885,35936,3945,324,33
33,12,9,0,0.7333333333333333,1.0,1.0,0.846153846153846,0.7777777777777778,12,1000,20,0.9,0.1,4x_minrep,48,0.0007199575193226337,40149,5140,336,33
33,12,9,0,0.7333333333333333,1.0,1.0,0.846153846153846,0.7777777777777778,12,1000,10,0.9,0.15,8x_minrep,96,0.0007227077148854733,35936,3945,322,33
33,12,9,0,0.7333333333333333,1.0,1.0,0.846153846153846,0.7777777777777778,12,1000,20,0.9,0.15,4x_minrep,48,0.0007272916845977306,40149,5140,353,33
33,12,9,0,0.7333333333333333,1.0,1.0,0.846153846153846,0.7777777777777778,12,1000,10,0.85,0.1,maxrep,1000,0.000732004176825285,66667,3945,305,33
33,12,9,0,0.7333333333333333,1.0,1.0,0.846153846153846,0.7777777777777778,12,1000,10,0.9,0.15,4x_minrep,48,0.000736546702682972,35936,3945,322,33
33,12,9,0,0.7333333333333333,1.0,1.0,0.846153846153846,0.7777777777777778,12,1000,10,0.9,0.1,maxrep,1000,0.0007382933981716633,66667,3945,305,33
33,12,9,0,0.7333333333333333,1.0,1.0,0.846153846153846,0.7777777777777778,12,1000,20,0.9,0.1,8x_minrep,96,0.0007405471988022327,40149,5140,336,33
33,12,9,0,0.7333333333333333,1.0,1.0,0.846153846153846,0.7777777777777778,12,1000,50,0.9,0.15,8x_minrep,96,0.000741422176361084,40664,5453,353,33
33,12,9,0,0.7333333333333333,1.0,1.0,0.846153846153846,0.7777777777777778,12,1000,10,0.85,0.1,8x_minrep,96,0.0007440447807312012,35936,3945,305,33
33,12,9,0,0.7333333333333333,1.0,1.0,0.846153846153846,0.7777777777777778,12,1000,10,0.9,0.15,maxrep,1000,0.0007469132542610168,66667,3945,322,33
33,12,9,0,0.7333333333333333,1.0,1.0,0.846153846153846,0.7777777777777778,12,1000,20,0.9,0.1,maxrep,1000,0.0007598288357257843,84878,5140,336,33
33,12,9,0,0.7333333333333333,1.0,1.0,0.846153846153846,0.7777777777777778,12,1000,10,0.9,0.1,4x_minrep,48,0.000766002107411623,35936,3945,305,33
33,12,9,0,0.7333333333333333,1.0,1.0,0.846153846153846,0.7777777777777778,12,1000,50,0.9,0.15,4x_minrep,48,0.0007672468200325966,40664,5453,353,33
33,12,9,0,0.7333333333333333,1.0,1.0,0.846153846153846,0.7777777777777778,12,1000,20,0.85,0.1,8x_minrep,96,0.0007701646536588669,40149,5140,336,33
33,12,9,0,0.7333333333333333,1.0,1.0,0.846153846153846,0.7777777777777778,12,1000,20,0.85,0.1,4x_minrep,48,0.0007768799550831318,40149,5140,336,33
33,12,9,0,0.7333333333333333,1.0,1.0,0.846153846153846,0.7777777777777778,12,1000,20,0.85,0.15,maxrep,1000,0.000776919536292553,84878,5140,355,33
33,12,9,0,0.7333333333333333,1.0,1.0,0.846153846153846,0.7777777777777778,12,1000,20,0.85,0.1,maxrep,1000,0.0007842048071324825,84878,5140,336,33
33,12,9,0,0.7333333333333333,1.0,1.0,0.846153846153846,0.7777777777777778,12,1000,50,0.85,0.15,4x_minrep,48,0.0007911673747003078,40664,5453,355,33
33,12,9,0,0.7333333333333333,1.0,1.0,0.846153846153846,0.7777777777777778,12,1000,50,0.9,0.15,maxrep,1000,0.0008025383576750755,89050,5453,353,33
33,12,9,0,0.7333333333333333,1.0,1.0,0.846153846153846,0.7777777777777778,12,1000,10,0.85,0.15,maxrep,1000,0.0008033765479922295,66667,3945,324,33
33,12,9,0,0.7333333333333333,1.0,1.0,0.846153846153846,0.7777777777777778,12,1000,50,0.85,0.15,8x_minrep,96,0.0008045388385653496,40664,5453,355,33
33,12,9,0,0.7333333333333333,1.0,1.0,0.846153846153846,0.7777777777777778,12,1000,20,0.9,0.15,maxrep,1000,0.0008123321458697319,84878,5140,353,33
33,12,9,0,0.7333333333333333,1.0,1.0,0.846153846153846,0.7777777777777778,12,1000,20,0.9,0.15,8x_minrep,96,0.0008173747919499874,40149,5140,353,33
33,12,9,0,0.7333333333333333,1.0,1.0,0.846153846153846,0.7777777777777778,12,1000,50,0.85,0.1,maxrep,1000,0.0008184588514268398,89050,5453,336,33
33,12,9,0,0.7333333333333333,1.0,1.0,0.846153846153846,0.7777777777777778,12,1000,50,0.85,0.15,maxrep,1000,0.0008365386165678501,89050,5453,355,33
33,12,9,0,0.7333333333333333,1.0,1.0,0.846153846153846,0.7777777777777778,12,1000,10,0.85,0.1,4x_minrep,48,0.0010091722942888737,35936,3945,305,33
33,12,9,0,0.7333333333333333,1.0,1.0,0.846153846153846,0.7777777777777778,12,1000,50,0.9,0.1,maxrep,1000,0.0010703266598284245,89050,5453,336,33
32,13,9,0,0.7111111111111111,1.0,1.0,0.8311688311688311,0.7592592592592593,12,1000,7,0.9,0.15,8x_minrep,96,0.0006622876971960068,32138,3314,281,32
32,13,9,0,0.7111111111111111,1.0,1.0,0.8311688311688311,0.7592592592592593,12,1000,7,0.9,0.1,8x_minrep,96,0.0006836694665253162,32138,3314,264,32
32,13,9,0,0.7111111111111111,1.0,1.0,0.8311688311688311,0.7592592592592593,12,1000,7,0.85,0.1,4x_minrep,48,0.0007012500427663326,32138,3314,264,32
32,13,9,0,0.7111111111111111,1.0,1.0,0.8311688311688311,0.7592592592592593,12,1000,7,0.9,0.15,4x_minrep,48,0.0007054591551423073,32138,3314,281,32
32,13,9,0,0.7111111111111111,1.0,1.0,0.8311688311688311,0.7592592592592593,12,1000,7,0.85,0.15,8x_minrep,96,0.0007143323309719563,32138,3314,283,32
32,13,9,0,0.7111111111111111,1.0,1.0,0.8311688311688311,0.7592592592592593,12,1000,7,0.85,0.15,4x_minrep,48,0.0007190410979092121,32138,3314,283,32
32,13,9,0,0.7111111111111111,1.0,1.0,0.8311688311688311,0.7592592592592593,12,1000,7,0.85,0.15,maxrep,1000,0.0007416289299726486,56198,3314,283,32
32,13,9,0,0.7111111111111111,1.0,1.0,0.8311688311688311,0.7592592592592593,12,1000,7,0.9,0.1,maxrep,1000,0.0007424992509186268,56198,3314,264,32
32,13,9,0,0.7111111111111111,1.0,1.0,0.8311688311688311,0.7592592592592593,12,1000,7,0.9,0.15,maxrep,1000,0.0007452438585460186,56198,3314,281,32
32,13,9,0,0.7111111111111111,1.0,1.0,0.8311688311688311,0.7592592592592593,12,1000,7,0.85,0.1,8x_minrep,96,0.0007485402747988701,32138,3314,264,32
32,13,9,0,0.7111111111111111,1.0,1.0,0.8311688311688311,0.7592592592592593,12,1000,7,0.85,0.1,maxrep,1000,0.0007676715031266212,56198,3314,264,32
32,13,9,0,0.7111111111111111,1.0,1.0,0.8311688311688311,0.7592592592592593,12,1000,7,0.9,0.1,4x_minrep,48,0.0009142076596617699,32138,3314,264,32
34,11,5,4,0.7555555555555555,0.5555555555555556,0.8947368421052632,0.8192771084337349,0.7222222222222222,6,1000,10,0.9,0.05,8x_minrep,48,0.0008112099021673203,109172,10330,885,38
34,11,5,4,0.7555555555555555,0.5555555555555556,0.8947368421052632,0.8192771084337349,0.7222222222222222,6,1000,10,0.85,0.05,8x_minrep,48,0.0008215033449232578,109172,10330,887,38
34,11,5,4,0.7555555555555555,0.5555555555555556,0.8947368421052632,0.8192771084337349,0.7222222222222222,6,1000,10,0.9,0.05,4x_minrep,24,0.0008657127618789673,108775,10330,885,38
34,11,5,4,0.7555555555555555,0.5555555555555556,0.8947368421052632,0.8192771084337349,0.7222222222222222,6,1000,10,0.9,0.0,4x_minrep,24,0.0008689537644386292,108775,10330,885,38
34,11,5,4,0.7555555555555555,0.5555555555555556,0.8947368421052632,0.8192771084337349,0.7222222222222222,6,1000,10,0.85,0.0,maxrep,1000,0.0008867946453392506,123655,10330,887,38
34,11,5,4,0.7555555555555555,0.5555555555555556,0.8947368421052632,0.8192771084337349,0.7222222222222222,6,1000,10,0.85,0.0,8x_minrep,48,0.0009036227129399776,109172,10330,887,38
34,11,5,4,0.7555555555555555,0.5555555555555556,0.8947368421052632,0.8192771084337349,0.7222222222222222,6,1000,10,0.85,0.05,4x_minrep,24,0.0009097480215132236,108775,10330,887,38
34,11,5,4,0.7555555555555555,0.5555555555555556,0.8947368421052632,0.8192771084337349,0.7222222222222222,6,1000,10,0.85,0.0,4x_minrep,24,0.0009224144741892815,108775,10330,887,38
34,11,5,4,0.7555555555555555,0.5555555555555556,0.8947368421052632,0.8192771084337349,0.7222222222222222,6,1000,10,0.85,0.05,maxrep,1000,0.0009249974973499775,123655,10330,887,38
34,11,5,4,0.7555555555555555,0.5555555555555556,0.8947368421052632,0.8192771084337349,0.7222222222222222,6,1000,10,0.9,0.05,maxrep,1000,0.0009418739937245846,123655,10330,885,38
34,11,5,4,0.7555555555555555,0.5555555555555556,0.8947368421052632,0.8192771084337349,0.7222222222222222,6,1000,10,0.9,0.0,maxrep,1000,0.0009620883502066135,123655,10330,885,38
34,11,5,4,0.7555555555555555,0.5555555555555556,0.8947368421052632,0.8192771084337349,0.7222222222222222,6,1000,10,0.9,0.0,8x_minrep,48,0.001144710462540388,109172,10330,885,38
31,14,9,0,0.6888888888888889,1.0,1.0,0.8157894736842105,0.7407407407407407,12,1000,5,0.85,0.1,8x_minrep,96,0.0006363359279930592,27504,2730,213,31
31,14,9,0,0.6888888888888889,1.0,1.0,0.8157894736842105,0.7407407407407407,12,1000,5,0.85,0.1,4x_minrep,48,0.0006482470780611038,27504,2730,213,31
31,14,9,0,0.6888888888888889,1.0,1.0,0.8157894736842105,0.7407407407407407,12,1000,5,0.9,0.1,4x_minrep,48,0.0006817076355218887,27504,2730,213,31
31,14,9,0,0.6888888888888889,1.0,1.0,0.8157894736842105,0.7407407407407407,12,1000,5,0.85,0.15,maxrep,1000,0.0006952504627406597,46426,2730,232,31
31,14,9,0,0.6888888888888889,1.0,1.0,0.8157894736842105,0.7407407407407407,12,1000,5,0.9,0.15,8x_minrep,96,0.0007012449204921722,27504,2730,230,31
31,14,9,0,0.6888888888888889,1.0,1.0,0.8157894736842105,0.7407407407407407,12,1000,5,0.85,0.15,4x_minrep,48,0.0007097125053405762,27504,2730,232,31
31,14,9,0,0.6888888888888889,1.0,1.0,0.8157894736842105,0.7407407407407407,12,1000,5,0.9,0.15,maxrep,1000,0.0007235035300254822,46426,2730,230,31
31,14,9,0,0.6888888888888889,1.0,1.0,0.8157894736842105,0.7407407407407407,12,1000,5,0.9,0.1,8x_minrep,96,0.0007272073999047279,27504,2730,213,31
31,14,9,0,0.6888888888888889,1.0,1.0,0.8157894736842105,0.7407407407407407,12,1000,5,0.9,0.1,maxrep,1000,0.0007472056895494461,46426,2730,213,31
31,14,9,0,0.6888888888888889,1.0,1.0,0.8157894736842105,0.7407407407407407,12,1000,5,0.85,0.15,8x_minrep,96,0.000756590161472559,27504,2730,232,31
31,14,9,0,0.6888888888888889,1.0,1.0,0.8157894736842105,0.7407407407407407,12,1000,5,0.9,0.15,4x_minrep,48,0.0007954509928822517,27504,2730,230,31
31,14,9,0,0.6888888888888889,1.0,1.0,0.8157894736842105,0.7407407407407407,12,1000,5,0.85,0.1,maxrep,1000,0.0010383371263742447,46426,2730,213,31
32,13,7,2,0.7111111111111111,0.7777777777777778,0.9411764705882353,0.8101265822784811,0.7222222222222222,6,1000,7,0.9,0.05,8x_minrep,48,0.0007434133440256119,88572,8160,711,34
32,13,7,2,0.7111111111111111,0.7777777777777778,0.9411764705882353,0.8101265822784811,0.7222222222222222,6,1000,7,0.85,0.05,8x_minrep,48,0.0007490389980375767,88572,8160,711,34
32,13,7,2,0.7111111111111111,0.7777777777777778,0.9411764705882353,0.8101265822784811,0.7222222222222222,6,1000,7,0.85,0.0,8x_minrep,48,0.0007686312310397625,88572,8160,711,34
32,13,7,2,0.7111111111111111,0.7777777777777778,0.9411764705882353,0.8101265822784811,0.7222222222222222,6,1000,7,0.85,0.0,maxrep,1000,0.0007859976030886173,99532,8160,711,34
32,13,7,2,0.7111111111111111,0.7777777777777778,0.9411764705882353,0.8101265822784811,0.7222222222222222,6,1000,7,0.9,0.05,4x_minrep,24,0.0007883347570896149,88176,8160,711,34
32,13,7,2,0.7111111111111111,0.7777777777777778,0.9411764705882353,0.8101265822784811,0.7222222222222222,8,1000,10,0.85,0.05,4x_minrep,32,0.000791789498180151,94433,7994,587,34
32,13,7,2,0.7111111111111111,0.7777777777777778,0.9411764705882353,0.8101265822784811,0.7222222222222222,6,1000,7,0.9,0.0,8x_minrep,48,0.0008040848188102245,88572,8160,711,34
32,13,7,2,0.7111111111111111,0.7777777777777778,0.9411764705882353,0.8101265822784811,0.7222222222222222,6,1000,7,0.9,0.05,maxrep,1000,0.0008042934350669384,99532,8160,711,34
32,13,7,2,0.7111111111111111,0.7777777777777778,0.9411764705882353,0.8101265822784811,0.7222222222222222,6,1000,7,0.85,0.0,4x_minrep,24,0.0008117938414216042,88176,8160,711,34
32,13,7,2,0.7111111111111111,0.7777777777777778,0.9411764705882353,0.8101265822784811,0.7222222222222222,8,1000,10,0.85,0.0,8x_minrep,64,0.0008313269354403019,94433,7994,587,34
32,13,7,2,0.7111111111111111,0.7777777777777778,0.9411764705882353,0.8101265822784811,0.7222222222222222,8,1000,10,0.85,0.0,maxrep,1000,0.0008316230960190296,107347,7994,587,34
32,13,7,2,0.7111111111111111,0.7777777777777778,0.9411764705882353,0.8101265822784811,0.7222222222222222,6,1000,7,0.9,0.0,maxrep,1000,0.0008402462117373943,99532,8160,711,34
32,13,7,2,0.7111111111111111,0.7777777777777778,0.9411764705882353,0.8101265822784811,0.7222222222222222,8,1000,10,0.85,0.05,8x_minrep,64,0.0008587492629885674,94433,7994,587,34
32,13,7,2,0.7111111111111111,0.7777777777777778,0.9411764705882353,0.8101265822784811,0.7222222222222222,8,1000,10,0.85,0.0,4x_minrep,32,0.0008619134314358234,94433,7994,587,34
32,13,7,2,0.7111111111111111,0.7777777777777778,0.9411764705882353,0.8101265822784811,0.7222222222222222,6,1000,7,0.9,0.0,4x_minrep,24,0.0008621243759989738,88176,8160,711,34
32,13,7,2,0.7111111111111111,0.7777777777777778,0.9411764705882353,0.8101265822784811,0.7222222222222222,6,1000,7,0.85,0.05,maxrep,1000,0.0008712476119399071,99532,8160,711,34
32,13,7,2,0.7111111111111111,0.7777777777777778,0.9411764705882353,0.8101265822784811,0.7222222222222222,8,1000,10,0.85,0.05,maxrep,1000,0.0009040865115821362,107347,7994,587,34
32,13,7,2,0.7111111111111111,0.7777777777777778,0.9411764705882353,0.8101265822784811,0.7222222222222222,6,1000,7,0.85,0.05,4x_minrep,24,0.0012015420943498611,88176,8160,711,34
30,15,9,0,0.6666666666666666,1.0,1.0,0.8,0.7222222222222222,12,1000,3,0.9,0.15,8x_minrep,96,0.0006559155881404877,20808,1991,164,30
30,15,9,0,0.6666666666666666,1.0,1.0,0.8,0.7222222222222222,12,1000,3,0.9,0.15,4x_minrep,48,0.000659002922475338,20808,1991,164,30
30,15,9,0,0.6666666666666666,1.0,1.0,0.8,0.7222222222222222,12,1000,3,0.9,0.15,maxrep,1000,0.0006839092820882797,34016,1991,164,30
30,15,9,0,0.6666666666666666,1.0,1.0,0.8,0.7222222222222222,12,1000,3,0.85,0.15,8x_minrep,96,0.0007078307680785656,20808,1991,166,30
30,15,9,0,0.6666666666666666,1.0,1.0,0.8,0.7222222222222222,12,1000,3,0.85,0.15,maxrep,1000,0.0007229568436741829,34016,1991,166,30
30,15,9,0,0.6666666666666666,1.0,1.0,0.8,0.7222222222222222,12,1000,3,0.85,0.15,4x_minrep,48,0.0007394948042929173,20808,1991,166,30
31,14,7,2,0.6888888888888889,0.7777777777777778,0.9393939393939394,0.7948717948717948,0.7037037037037037,8,1000,10,0.9,0.05,8x_minrep,64,0.0007665036246180534,90579,7994,580,33
31,14,7,2,0.6888888888888889,0.7777777777777778,0.9393939393939394,0.7948717948717948,0.7037037037037037,8,1000,10,0.9,0.05,4x_minrep,32,0.0008034594357013702,90579,7994,580,33
31,14,7,2,0.6888888888888889,0.7777777777777778,0.9393939393939394,0.7948717948717948,0.7037037037037037,8,1000,10,0.9,0.05,maxrep,1000,0.0008532879874110222,107330,7994,580,33
31,14,7,2,0.6888888888888889,0.7777777777777778,0.9393939393939394,0.7948717948717948,0.7037037037037037,8,1000,10,0.9,0.0,8x_minrep,64,0.0008534183725714684,90579,7994,580,33
31,14,7,2,0.6888888888888889,0.7777777777777778,0.9393939393939394,0.7948717948717948,0.7037037037037037,8,1000,10,0.9,0.0,maxrep,1000,0.0008675400167703629,107330,7994,580,33
31,14,7,2,0.6888888888888889,0.7777777777777778,0.9393939393939394,0.7948717948717948,0.7037037037037037,8,1000,10,0.9,0.0,4x_minrep,32,0.0011845403350889683,90579,7994,580,33
30,15,7,2,0.6666666666666666,0.7777777777777778,0.9375,0.7792207792207793,0.6851851851851852,8,1000,7,0.85,0.0,4x_minrep,32,0.0007255002856254578,77752,6435,495,32
30,15,7,2,0.6666666666666666,0.7777777777777778,0.9375,0.7792207792207793,0.6851851851851852,8,1000,7,0.85,0.05,8x_minrep,64,0.0007697511464357376,77752,6435,495,32
30,15,7,2,0.6666666666666666,0.7777777777777778,0.9375,0.7792207792207793,0.6851851851851852,8,1000,7,0.85,0.05,maxrep,1000,0.0007759565487504005,87573,6435,495,32
30,15,7,2,0.6666666666666666,0.7777777777777778,0.9375,0.7792207792207793,0.6851851851851852,8,1000,7,0.85,0.0,maxrep,1000,0.0007951236329972744,87573,6435,495,32
30,15,7,2,0.6666666666666666,0.7777777777777778,0.9375,0.7792207792207793,0.6851851851851852,8,1000,7,0.85,0.05,4x_minrep,32,0.0008520008996129036,77752,6435,495,32
30,15,7,2,0.6666666666666666,0.7777777777777778,0.9375,0.7792207792207793,0.6851851851851852,8,1000,7,0.85,0.0,8x_minrep,64,0.001114669255912304,77752,6435,495,32
31,14,5,4,0.6888888888888889,0.5555555555555556,0.8857142857142857,0.775,0.6666666666666666,6,1000,10,0.95,0.0,4x_minrep,24,0.0007976652123034,108775,10330,874,35
31,14,5,4,0.6888888888888889,0.5555555555555556,0.8857142857142857,0.775,0.6666666666666666,6,1000,10,0.95,0.0,8x_minrep,48,0.0008242023177444935,109172,10330,874,35
31,14,5,4,0.6888888888888889,0.5555555555555556,0.8857142857142857,0.775,0.6666666666666666,6,1000,10,0.95,0.0,maxrep,1000,0.0008275001309812069,123655,10330,874,35
31,14,5,4,0.6888888888888889,0.5555555555555556,0.8857142857142857,0.775,0.6666666666666666,6,1000,10,0.95,0.05,maxrep,1000,0.000937165692448616,123655,10330,874,35
31,14,5,4,0.6888888888888889,0.5555555555555556,0.8857142857142857,0.775,0.6666666666666666,6,1000,10,0.95,0.05,4x_minrep,24,0.0009892936795949936,108775,10330,874,35
31,14,5,4,0.6888888888888889,0.5555555555555556,0.8857142857142857,0.775,0.6666666666666666,6,1000,10,0.95,0.05,8x_minrep,48,0.0010100025683641434,109172,10330,874,35
29,16,7,2,0.6444444444444445,0.7777777777777778,0.9354838709677419,0.763157894736842,0.6666666666666666,8,1000,7,0.9,0.05,4x_minrep,32,0.0006834985688328743,74657,6435,490,31
29,16,7,2,0.6444444444444445,0.7777777777777778,0.9354838709677419,0.763157894736842,0.6666666666666666,8,1000,7,0.9,0.0,maxrep,1000,0.0006942511536180973,87562,6435,490,31
29,16,7,2,0.6444444444444445,0.7777777777777778,0.9354838709677419,0.763157894736842,0.6666666666666666,8,1000,10,0.95,0.0,8x_minrep,64,0.0007086200639605522,90579,7994,572,31
29,16,7,2,0.6444444444444445,0.7777777777777778,0.9354838709677419,0.763157894736842,0.6666666666666666,8,1000,7,0.9,0.05,8x_minrep,64,0.0007133339531719685,74657,6435,490,31
29,16,7,2,0.6444444444444445,0.7777777777777778,0.9354838709677419,0.763157894736842,0.6666666666666666,8,1000,7,0.9,0.0,4x_minrep,32,0.0007413318380713463,74657,6435,490,31
29,16,7,2,0.6444444444444445,0.7777777777777778,0.9354838709677419,0.763157894736842,0.6666666666666666,6,1000,7,0.95,0.0,4x_minrep,24,0.0007428745739161968,88176,8160,704,31
29,16,7,2,0.6444444444444445,0.7777777777777778,0.9354838709677419,0.763157894736842,0.6666666666666666,8,1000,10,0.95,0.05,8x_minrep,64,0.0007451237179338932,90579,7994,572,31
29,16,7,2,0.6444444444444445,0.7777777777777778,0.9354838709677419,0.763157894736842,0.6666666666666666,6,1000,7,0.95,0.0,8x_minrep,48,0.0007547931745648384,88572,8160,704,31
29,16,7,2,0.6444444444444445,0.7777777777777778,0.9354838709677419,0.763157894736842,0.6666666666666666,8,1000,7,0.9,0.0,8x_minrep,64,0.0007551684975624084,74657,6435,490,31
29,16,7,2,0.6444444444444445,0.7777777777777778,0.9354838709677419,0.763157894736842,0.6666666666666666,8,1000,10,0.95,0.05,maxrep,1000,0.0007776664569973946,107330,7994,572,31
29,16,7,2,0.6444444444444445,0.7777777777777778,0.9354838709677419,0.763157894736842,0.6666666666666666,6,1000,7,0.95,0.05,4x_minrep,24,0.0007926276884973049,88176,8160,704,31
29,16,7,2,0.6444444444444445,0.7777777777777778,0.9354838709677419,0.763157894736842,0.6666666666666666,8,1000,10,0.95,0.0,4x_minrep,32,0.0007934542372822762,90579,7994,572,31
29,16,7,2,0.6444444444444445,0.7777777777777778,0.9354838709677419,0.763157894736842,0.6666666666666666,8,1000,10,0.95,0.0,maxrep,1000,0.0007942100055515766,107330,7994,572,31
29,16,7,2,0.6444444444444445,0.7777777777777778,0.9354838709677419,0.763157894736842,0.6666666666666666,6,1000,7,0.95,0.05,8x_minrep,48,0.000806951429694891,88572,8160,704,31
29,16,7,2,0.6444444444444445,0.7777777777777778,0.9354838709677419,0.763157894736842,0.6666666666666666,6,1000,7,0.95,0.0,maxrep,1000,0.0008141249418258667,99532,8160,704,31
29,16,7,2,0.6444444444444445,0.7777777777777778,0.9354838709677419,0.763157894736842,0.6666666666666666,6,1000,7,0.95,0.05,maxrep,1000,0.0008395863696932793,99532,8160,704,31
29,16,7,2,0.6444444444444445,0.7777777777777778,0.9354838709677419,0.763157894736842,0.6666666666666666,8,1000,10,0.95,0.05,4x_minrep,32,0.0011788355186581612,90579,7994,572,31
29,16,7,2,0.6444444444444445,0.7777777777777778,0.9354838709677419,0.763157894736842,0.6666666666666666,8,1000,7,0.9,0.05,maxrep,1000,0.0011861668899655342,87562,6435,490,31
28,17,8,1,0.6222222222222222,0.8888888888888888,0.9655172413793104,0.7567567567567567,0.6666666666666666,10,1000,20,0.95,0.1,8x_minrep,80,0.0006521223112940788,49741,7584,550,29
28,17,8,1,0.6222222222222222,0.8888888888888888,0.9655172413793104,0.7567567567567567,0.6666666666666666,10,1000,10,0.95,0.1,8x_minrep,80,0.0006684991531074047,43138,5828,462,29
28,17,8,1,0.6222222222222222,0.8888888888888888,0.9655172413793104,0.7567567567567567,0.6666666666666666,10,1000,10,0.95,0.1,4x_minrep,40,0.0006710411980748177,43138,5828,462,29
28,17,8,1,0.6222222222222222,0.8888888888888888,0.9655172413793104,0.7567567567567567,0.6666666666666666,10,1000,50,0.95,0.1,4x_minrep,40,0.0006751259788870811,50392,8240,552,29
28,17,8,1,0.6222222222222222,0.8888888888888888,0.9655172413793104,0.7567567567567567,0.6666666666666666,10,1000,20,0.95,0.1,4x_minrep,40,0.0006883302703499794,49741,7584,550,29
28,17,8,1,0.6222222222222222,0.8888888888888888,0.9655172413793104,0.7567567567567567,0.6666666666666666,10,1000,50,0.95,0.15,8x_minrep,80,0.0006935442797839642,50392,8240,559,29
28,17,8,1,0.6222222222222222,0.8888888888888888,0.9655172413793104,0.7567567567567567,0.6666666666666666,10,1000,10,0.95,0.15,4x_minrep,40,0.0007064146921038628,43138,5828,469,29
28,17,8,1,0.6222222222222222,0.8888888888888888,0.9655172413793104,0.7567567567567567,0.6666666666666666,10,1000,10,0.95,0.15,maxrep,1000,0.0007295869290828705,87281,5828,469,29
28,17,8,1,0.6222222222222222,0.8888888888888888,0.9655172413793104,0.7567567567567567,0.6666666666666666,10,1000,10,0.95,0.1,maxrep,1000,0.0007592546753585339,87281,5828,462,29
28,17,8,1,0.6222222222222222,0.8888888888888888,0.9655172413793104,0.7567567567567567,0.6666666666666666,10,1000,20,0.95,0.1,maxrep,1000,0.0007735420949757099,111853,7584,550,29
28,17,8,1,0.6222222222222222,0.8888888888888888,0.9655172413793104,0.7567567567567567,0.6666666666666666,10,1000,20,0.95,0.15,8x_minrep,80,0.0007914192974567413,49741,7584,557,29
28,17,8,1,0.6222222222222222,0.8888888888888888,0.9655172413793104,0.7567567567567567,0.6666666666666666,10,1000,50,0.95,0.15,4x_minrep,40,0.0008046268485486507,50392,8240,559,29
28,17,8,1,0.6222222222222222,0.8888888888888888,0.9655172413793104,0.7567567567567567,0.6666666666666666,10,1000,50,0.95,0.15,maxrep,1000,0.0008122911676764488,119625,8240,559,29
28,17,8,1,0.6222222222222222,0.8888888888888888,0.9655172413793104,0.7567567567567567,0.6666666666666666,10,1000,20,0.95,0.15,maxrep,1000,0.0008142539300024509,111853,7584,557,29
28,17,8,1,0.6222222222222222,0.8888888888888888,0.9655172413793104,0.7567567567567567,0.6666666666666666,10,1000,50,0.95,0.1,maxrep,1000,0.0008795042522251606,119625,8240,552,29
28,17,8,1,0.6222222222222222,0.8888888888888888,0.9655172413793104,0.7567567567567567,0.6666666666666666,10,1000,10,0.95,0.15,8x_minrep,80,0.0009608347900211811,43138,5828,469,29
28,17,8,1,0.6222222222222222,0.8888888888888888,0.9655172413793104,0.7567567567567567,0.6666666666666666,10,1000,50,0.95,0.1,8x_minrep,80,0.0010432959534227848,50392,8240,552,29
28,17,8,1,0.6222222222222222,0.8888888888888888,0.9655172413793104,0.7567567567567567,0.6666666666666666,10,1000,20,0.95,0.15,4x_minrep,40,0.001119211781769991,49741,7584,557,29
27,18,8,1,0.6,0.8888888888888888,0.9642857142857143,0.7397260273972602,0.6481481481481481,10,1000,7,0.95,0.1,8x_minrep,80,0.0006155860610306263,36799,4778,385,28
27,18,8,1,0.6,0.8888888888888888,0.9642857142857143,0.7397260273972602,0.6481481481481481,10,1000,7,0.95,0.1,4x_minrep,40,0.0006201253272593021,36799,4778,385,28
27,18,8,1,0.6,0.8888888888888888,0.9642857142857143,0.7397260273972602,0.6481481481481481,10,1000,7,0.95,0.1,maxrep,1000,0.0006379191763699055,72142,4778,385,28
27,18,8,1,0.6,0.8888888888888888,0.9642857142857143,0.7397260273972602,0.6481481481481481,8,1000,5,0.95,0.15,maxrep,1000,0.0006556236185133457,71429,5148,475,28
27,18,8,1,0.6,0.8888888888888888,0.9642857142857143,0.7397260273972602,0.6481481481481481,10,1000,7,0.95,0.15,maxrep,1000,0.0006819991394877434,72142,4778,392,28
27,18,8,1,0.6,0.8888888888888888,0.9642857142857143,0.7397260273972602,0.6481481481481481,10,1000,7,0.95,0.15,4x_minrep,40,0.0006880839355289936,36799,4778,392,28
27,18,8,1,0.6,0.8888888888888888,0.9642857142857143,0.7397260273972602,0.6481481481481481,8,1000,5,0.95,0.15,8x_minrep,64,0.000692206434905529,61370,5148,475,28
27,18,8,1,0.6,0.8888888888888888,0.9642857142857143,0.7397260273972602,0.6481481481481481,6,1000,5,0.95,0.1,4x_minrep,24,0.0006935852579772472,70932,6444,570,28
27,18,8,1,0.6,0.8888888888888888,0.9642857142857143,0.7397260273972602,0.6481481481481481,8,1000,5,0.95,0.1,8x_minrep,64,0.0007001669146120548,60669,5148,398,28
27,18,8,1,0.6,0.8888888888888888,0.9642857142857143,0.7397260273972602,0.6481481481481481,8,1000,5,0.95,0.1,maxrep,1000,0.000713832676410675,70728,5148,398,28
27,18,8,1,0.6,0.8888888888888888,0.9642857142857143,0.7397260273972602,0.6481481481481481,8,1000,5,0.95,0.15,4x_minrep,32,0.0007205363363027573,61370,5148,475,28
27,18,8,1,0.6,0.8888888888888888,0.9642857142857143,0.7397260273972602,0.6481481481481481,8,1000,5,0.95,0.1,4x_minrep,32,0.0007382957264780998,60669,5148,398,28
27,18,8,1,0.6,0.8888888888888888,0.9642857142857143,0.7397260273972602,0.6481481481481481,6,1000,5,0.95,0.1,8x_minrep,48,0.0007499181665480137,71305,6444,570,28
27,18,8,1,0.6,0.8888888888888888,0.9642857142857143,0.7397260273972602,0.6481481481481481,6,1000,5,0.95,0.1,maxrep,1000,0.0007692500948905945,79743,6444,570,28
27,18,8,1,0.6,0.8888888888888888,0.9642857142857143,0.7397260273972602,0.6481481481481481,6,1000,5,0.95,0.15,4x_minrep,24,0.0007911231368780136,70932,6444,584,28
27,18,8,1,0.6,0.8888888888888888,0.9642857142857143,0.7397260273972602,0.6481481481481481,6,1000,5,0.95,0.15,maxrep,1000,0.0008062948472797871,79743,6444,584,28
27,18,8,1,0.6,0.8888888888888888,0.9642857142857143,0.7397260273972602,0.6481481481481481,10,1000,7,0.95,0.15,8x_minrep,80,0.0009410874918103218,36799,4778,392,28
27,18,8,1,0.6,0.8888888888888888,0.9642857142857143,0.7397260273972602,0.6481481481481481,6,1000,5,0.95,0.15,8x_minrep,48,0.0009682523086667061,71305,6444,584,28
27,18,7,2,0.6,0.7777777777777778,0.9310344827586207,0.7297297297297297,0.6296296296296297,8,1000,7,0.95,0.05,maxrep,1000,0.000718120951205492,87562,6435,486,29
27,18,7,2,0.6,0.7777777777777778,0.9310344827586207,0.7297297297297297,0.6296296296296297,8,1000,7,0.95,0.05,8x_minrep,64,0.000723665114492178,74657,6435,486,29
27,18,7,2,0.6,0.7777777777777778,0.9310344827586207,0.7297297297297297,0.6296296296296297,8,1000,7,0.95,0.0,4x_minrep,32,0.000758955255150795,74657,6435,486,29
27,18,7,2,0.6,0.7777777777777778,0.9310344827586207,0.7297297297297297,0.6296296296296297,8,1000,7,0.95,0.0,8x_minrep,64,0.0007810001261532307,74657,6435,486,29
27,18,7,2,0.6,0.7777777777777778,0.9310344827586207,0.7297297297297297,0.6296296296296297,8,1000,7,0.95,0.05,4x_minrep,32,0.0007855412550270557,74657,6435,486,29
27,18,7,2,0.6,0.7777777777777778,0.9310344827586207,0.7297297297297297,0.6296296296296297,8,1000,7,0.95,0.0,maxrep,1000,0.0008127056062221527,87562,6435,486,29
26,19,8,1,0.5777777777777777,0.8888888888888888,0.9629629629629629,0.7222222222222221,0.6296296296296297,10,1000,5,0.95,0.1,4x_minrep,40,0.0005922093987464905,30584,3871,311,27
26,19,8,1,0.5777777777777777,0.8888888888888888,0.9629629629629629,0.7222222222222221,0.6296296296296297,10,1000,5,0.95,0.15,4x_minrep,40,0.0006300830282270908,30584,3871,318,27
26,19,8,1,0.5777777777777777,0.8888888888888888,0.9629629629629629,0.7222222222222221,0.6296296296296297,10,1000,5,0.95,0.1,8x_minrep,80,0.0006327969022095203,30584,3871,311,27
26,19,8,1,0.5777777777777777,0.8888888888888888,0.9629629629629629,0.7222222222222221,0.6296296296296297,8,1000,3,0.95,0.15,8x_minrep,64,0.0006635426543653011,44247,3648,337,27
26,19,8,1,0.5777777777777777,0.8888888888888888,0.9629629629629629,0.7222222222222221,0.6296296296296297,8,1000,3,0.95,0.15,4x_minrep,32,0.0006673308089375496,44247,3648,337,27
26,19,8,1,0.5777777777777777,0.8888888888888888,0.9629629629629629,0.7222222222222221,0.6296296296296297,6,1000,3,0.95,0.15,8x_minrep,48,0.0006792498752474785,50913,4512,407,27
26,19,8,1,0.5777777777777777,0.8888888888888888,0.9629629629629629,0.7222222222222221,0.6296296296296297,6,1000,3,0.95,0.15,maxrep,1000,0.0006821649149060249,56689,4512,407,27
26,19,8,1,0.5777777777777777,0.8888888888888888,0.9629629629629629,0.7222222222222221,0.6296296296296297,10,1000,5,0.95,0.15,maxrep,1000,0.0006933370605111122,58836,3871,318,27
26,19,8,1,0.5777777777777777,0.8888888888888888,0.9629629629629629,0.7222222222222221,0.6296296296296297,8,1000,3,0.95,0.15,maxrep,1000,0.0007031313143670559,51202,3648,337,27
26,19,8,1,0.5777777777777777,0.8888888888888888,0.9629629629629629,0.7222222222222221,0.6296296296296297,10,1000,5,0.95,0.15,8x_minrep,80,0.0007039979100227356,30584,3871,318,27
26,19,8,1,0.5777777777777777,0.8888888888888888,0.9629629629629629,0.7222222222222221,0.6296296296296297,6,1000,3,0.95,0.15,4x_minrep,24,0.0007167928852140903,50600,4512,407,27
26,19,8,1,0.5777777777777777,0.8888888888888888,0.9629629629629629,0.7222222222222221,0.6296296296296297,10,1000,5,0.95,0.1,maxrep,1000,0.000985997263342142,58836,3871,311,27
25,20,8,1,0.5555555555555556,0.8888888888888888,0.9615384615384616,0.7042253521126761,0.6111111111111112,10,1000,3,0.95,0.15,4x_minrep,40,0.000603796448558569,22601,2787,230,26
25,20,8,1,0.5555555555555556,0.8888888888888888,0.9615384615384616,0.7042253521126761,0.6111111111111112,10,1000,3,0.95,0.15,8x_minrep,80,0.0006117885932326317,22601,2787,230,26
25,20,8,1,0.5555555555555556,0.8888888888888888,0.9615384615384616,0.7042253521126761,0.6111111111111112,10,1000,3,0.95,0.15,maxrep,1000,0.0006377110257744789,42688,2787,230,26
24,21,8,1,0.5333333333333333,0.8888888888888888,0.96,0.6857142857142858,0.5925925925925926,6,1000,5,0.85,0.05,4x_minrep,24,0.0006241253577172756,70932,6444,561,25
24,21,8,1,0.5333333333333333,0.8888888888888888,0.96,0.6857142857142858,0.5925925925925926,6,1000,5,0.85,0.05,8x_minrep,48,0.0006447518244385719,71305,6444,561,25
24,21,8,1,0.5333333333333333,0.8888888888888888,0.96,0.6857142857142858,0.5925925925925926,6,1000,5,0.85,0.0,8x_minrep,48,0.0006505041383206844,71305,6444,561,25
24,21,8,1,0.5333333333333333,0.8888888888888888,0.96,0.6857142857142858,0.5925925925925926,6,1000,5,0.9,0.0,4x_minrep,24,0.0006816699169576168,70932,6444,561,25
24,21,8,1,0.5333333333333333,0.8888888888888888,0.96,0.6857142857142858,0.5925925925925926,6,1000,5,0.9,0.0,8x_minrep,48,0.0006839139387011528,71305,6444,561,25
24,21,8,1,0.5333333333333333,0.8888888888888888,0.96,0.6857142857142858,0.5925925925925926,6,1000,5,0.9,0.05,maxrep,1000,0.0006998758763074875,79743,6444,561,25
24,21,8,1,0.5333333333333333,0.8888888888888888,0.96,0.6857142857142858,0.5925925925925926,6,1000,5,0.85,0.0,4x_minrep,24,0.0007027941755950451,70932,6444,561,25
24,21,8,1,0.5333333333333333,0.8888888888888888,0.96,0.6857142857142858,0.5925925925925926,6,1000,5,0.9,0.05,8x_minrep,48,0.0007055015303194523,71305,6444,561,25
24,21,8,1,0.5333333333333333,0.8888888888888888,0.96,0.6857142857142858,0.5925925925925926,6,1000,5,0.9,0.05,4x_minrep,24,0.00071366922929883,70932,6444,561,25
24,21,8,1,0.5333333333333333,0.8888888888888888,0.96,0.6857142857142858,0.5925925925925926,6,1000,5,0.85,0.0,maxrep,1000,0.0007189596071839333,79743,6444,561,25
24,21,8,1,0.5333333333333333,0.8888888888888888,0.96,0.6857142857142858,0.5925925925925926,6,1000,5,0.9,0.0,maxrep,1000,0.0007517100311815739,79743,6444,561,25
24,21,8,1,0.5333333333333333,0.8888888888888888,0.96,0.6857142857142858,0.5925925925925926,6,1000,5,0.85,0.05,maxrep,1000,0.001009455882012844,79743,6444,561,25
23,22,9,0,0.5111111111111111,1.0,1.0,0.676470588235294,0.5925925925925926,12,1000,20,0.95,0.1,8x_minrep,96,0.0005448306910693645,30650,5140,300,23
23,22,9,0,0.5111111111111111,1.0,1.0,0.676470588235294,0.5925925925925926,12,1000,10,0.95,0.1,8x_minrep,96,0.000565496739000082,27358,3945,269,23
23,22,9,0,0.5111111111111111,1.0,1.0,0.676470588235294,0.5925925925925926,12,1000,20,0.95,0.15,4x_minrep,48,0.0005740760825574398,30650,5140,307,23
23,22,9,0,0.5111111111111111,1.0,1.0,0.676470588235294,0.5925925925925926,12,1000,50,0.95,0.15,8x_minrep,96,0.0005741212517023087,30850,5453,307,23
23,22,9,0,0.5111111111111111,1.0,1.0,0.676470588235294,0.5925925925925926,12,1000,10,0.95,0.1,4x_minrep,48,0.0005775000900030136,27358,3945,269,23
23,22,9,0,0.5111111111111111,1.0,1.0,0.676470588235294,0.5925925925925926,12,1000,10,0.95,0.15,8x_minrep,96,0.0005814149044454098,27358,3945,276,23
23,22,9,0,0.5111111111111111,1.0,1.0,0.676470588235294,0.5925925925925926,12,1000,50,0.95,0.1,4x_minrep,48,0.0005828314460813999,30850,5453,300,23
23,22,9,0,0.5111111111111111,1.0,1.0,0.676470588235294,0.5925925925925926,12,1000,50,0.95,0.1,8x_minrep,96,0.0005945437587797642,30850,5453,300,23
23,22,9,0,0.5111111111111111,1.0,1.0,0.676470588235294,0.5925925925925926,12,1000,20,0.95,0.1,maxrep,1000,0.0005980446003377438,84258,5140,300,23
23,22,9,0,0.5111111111111111,1.0,1.0,0.676470588235294,0.5925925925925926,12,1000,20,0.95,0.1,4x_minrep,48,0.0006038793362677097,30650,5140,300,23
23,22,9,0,0.5111111111111111,1.0,1.0,0.676470588235294,0.5925925925925926,12,1000,10,0.95,0.15,4x_minrep,48,0.0006195423193275928,27358,3945,276,23
23,22,9,0,0.5111111111111111,1.0,1.0,0.676470588235294,0.5925925925925926,12,1000,10,0.95,0.15,maxrep,1000,0.0006287884898483753,66047,3945,276,23
23,22,9,0,0.5111111111111111,1.0,1.0,0.676470588235294,0.5925925925925926,12,1000,10,0.95,0.1,maxrep,1000,0.0006372504867613316,66047,3945,269,23
23,22,9,0,0.5111111111111111,1.0,1.0,0.676470588235294,0.5925925925925926,12,1000,50,0.95,0.15,maxrep,1000,0.0006561693735420704,88430,5453,307,23
23,22,9,0,0.5111111111111111,1.0,1.0,0.676470588235294,0.5925925925925926,12,1000,20,0.95,0.15,maxrep,1000,0.0006577977910637856,84258,5140,307,23
23,22,9,0,0.5111111111111111,1.0,1.0,0.676470588235294,0.5925925925925926,12,1000,50,0.95,0.15,4x_minrep,48,0.000659251119941473,30850,5453,307,23
23,22,9,0,0.5111111111111111,1.0,1.0,0.676470588235294,0.5925925925925926,12,1000,50,0.95,0.1,maxrep,1000,0.000711832195520401,88430,5453,300,23
23,22,9,0,0.5111111111111111,1.0,1.0,0.676470588235294,0.5925925925925926,12,1000,20,0.95,0.15,8x_minrep,96,0.0009099170565605164,30650,5140,307,23
23,22,8,1,0.5111111111111111,0.8888888888888888,0.9583333333333334,0.6666666666666666,0.5740740740740741,10,1000,10,0.9,0.0,8x_minrep,80,0.0005821678787469864,72845,5828,344,24
23,22,8,1,0.5111111111111111,0.8888888888888888,0.9583333333333334,0.6666666666666666,0.5740740740740741,10,1000,10,0.85,0.0,8x_minrep,80,0.0006170021370053291,72845,5828,344,24
23,22,8,1,0.5111111111111111,0.8888888888888888,0.9583333333333334,0.6666666666666666,0.5740740740740741,10,1000,10,0.9,0.0,4x_minrep,40,0.0006187530234456062,72845,5828,344,24
23,22,8,1,0.5111111111111111,0.8888888888888888,0.9583333333333334,0.6666666666666666,0.5740740740740741,10,1000,20,0.9,0.0,8x_minrep,80,0.0006329570896923542,88357,7584,374,24
23,22,8,1,0.5111111111111111,0.8888888888888888,0.9583333333333334,0.6666666666666666,0.5740740740740741,10,1000,10,0.9,0.0,maxrep,1000,0.0006346213631331921,86099,5828,344,24
23,22,8,1,0.5111111111111111,0.8888888888888888,0.9583333333333334,0.6666666666666666,0.5740740740740741,10,1000,20,0.9,0.0,4x_minrep,40,0.0006438763812184334,88357,7584,374,24
23,22,8,1,0.5111111111111111,0.8888888888888888,0.9583333333333334,0.6666666666666666,0.5740740740740741,10,1000,10,0.85,0.0,maxrep,1000,0.0006463709287345409,86099,5828,344,24
23,22,8,1,0.5111111111111111,0.8888888888888888,0.9583333333333334,0.6666666666666666,0.5740740740740741,10,1000,10,0.85,0.05,maxrep,1000,0.0006465394981205463,86099,5828,344,24
23,22,8,1,0.5111111111111111,0.8888888888888888,0.9583333333333334,0.6666666666666666,0.5740740740740741,10,1000,10,0.9,0.05,4x_minrep,40,0.0006485446356236935,72845,5828,344,24
23,22,8,1,0.5111111111111111,0.8888888888888888,0.9583333333333334,0.6666666666666666,0.5740740740740741,10,1000,10,0.85,0.05,4x_minrep,40,0.0006542932242155075,72845,5828,344,24
23,22,8,1,0.5111111111111111,0.8888888888888888,0.9583333333333334,0.6666666666666666,0.5740740740740741,10,1000,10,0.85,0.05,8x_minrep,80,0.0006560450419783592,72845,5828,344,24
23,22,8,1,0.5111111111111111,0.8888888888888888,0.9583333333333334,0.6666666666666666,0.5740740740740741,10,1000,20,0.85,0.0,8x_minrep,80,0.0006683799438178539,88357,7584,374,24
23,22,8,1,0.5111111111111111,0.8888888888888888,0.9583333333333334,0.6666666666666666,0.5740740740740741,10,1000,20,0.9,0.05,8x_minrep,80,0.0006687496788799763,88357,7584,374,24
23,22,8,1,0.5111111111111111,0.8888888888888888,0.9583333333333334,0.6666666666666666,0.5740740740740741,10,1000,50,0.9,0.05,8x_minrep,80,0.0006735804490745068,91028,8240,374,24
23,22,8,1,0.5111111111111111,0.8888888888888888,0.9583333333333334,0.6666666666666666,0.5740740740740741,10,1000,10,0.85,0.0,4x_minrep,40,0.0006794966757297516,72845,5828,344,24
23,22,8,1,0.5111111111111111,0.8888888888888888,0.9583333333333334,0.6666666666666666,0.5740740740740741,10,1000,50,0.85,0.05,4x_minrep,40,0.0006804554723203182,91028,8240,374,24
23,22,8,1,0.5111111111111111,0.8888888888888888,0.9583333333333334,0.6666666666666666,0.5740740740740741,10,1000,50,0.85,0.05,8x_minrep,80,0.0006818333640694618,91028,8240,374,24
23,22,8,1,0.5111111111111111,0.8888888888888888,0.9583333333333334,0.6666666666666666,0.5740740740740741,10,1000,50,0.9,0.05,maxrep,1000,0.0007037860341370106,117843,8240,374,24
23,22,8,1,0.5111111111111111,0.8888888888888888,0.9583333333333334,0.6666666666666666,0.5740740740740741,10,1000,10,0.9,0.05,maxrep,1000,0.0007059602066874504,86099,5828,344,24
23,22,8,1,0.5111111111111111,0.8888888888888888,0.9583333333333334,0.6666666666666666,0.5740740740740741,10,1000,20,0.85,0.05,maxrep,1000,0.0007078833878040314,110091,7584,374,24
23,22,8,1,0.5111111111111111,0.8888888888888888,0.9583333333333334,0.6666666666666666,0.5740740740740741,10,1000,20,0.85,0.05,4x_minrep,40,0.0007108342833817005,88357,7584,374,24
23,22,8,1,0.5111111111111111,0.8888888888888888,0.9583333333333334,0.6666666666666666,0.5740740740740741,10,1000,50,0.9,0.0,4x_minrep,40,0.0007141223177313805,91028,8240,374,24
23,22,8,1,0.5111111111111111,0.8888888888888888,0.9583333333333334,0.6666666666666666,0.5740740740740741,10,1000,50,0.85,0.0,8x_minrep,80,0.000719163566827774,91028,8240,374,24
23,22,8,1,0.5111111111111111,0.8888888888888888,0.9583333333333334,0.6666666666666666,0.5740740740740741,10,1000,50,0.9,0.0,maxrep,1000,0.0007239999249577522,117843,8240,374,24
23,22,8,1,0.5111111111111111,0.8888888888888888,0.9583333333333334,0.6666666666666666,0.5740740740740741,10,1000,50,0.85,0.0,4x_minrep,40,0.0007245801389217377,91028,8240,374,24
23,22,8,1,0.5111111111111111,0.8888888888888888,0.9583333333333334,0.6666666666666666,0.5740740740740741,10,1000,50,0.9,0.05,4x_minrep,40,0.0007269945926964283,91028,8240,374,24
23,22,8,1,0.5111111111111111,0.8888888888888888,0.9583333333333334,0.6666666666666666,0.5740740740740741,10,1000,20,0.85,0.0,maxrep,1000,0.0007272078655660152,110091,7584,374,24
23,22,8,1,0.5111111111111111,0.8888888888888888,0.9583333333333334,0.6666666666666666,0.5740740740740741,10,1000,20,0.85,0.0,4x_minrep,40,0.0007407101802527905,88357,7584,374,24
23,22,8,1,0.5111111111111111,0.8888888888888888,0.9583333333333334,0.6666666666666666,0.5740740740740741,10,1000,20,0.9,0.0,maxrep,1000,0.0007457532919943333,110091,7584,374,24
23,22,8,1,0.5111111111111111,0.8888888888888888,0.9583333333333334,0.6666666666666666,0.5740740740740741,10,1000,20,0.85,0.05,8x_minrep,80,0.000754709355533123,88357,7584,374,24
23,22,8,1,0.5111111111111111,0.8888888888888888,0.9583333333333334,0.6666666666666666,0.5740740740740741,10,1000,50,0.85,0.0,maxrep,1000,0.0007667508907616138,117843,8240,374,24
23,22,8,1,0.5111111111111111,0.8888888888888888,0.9583333333333334,0.6666666666666666,0.5740740740740741,10,1000,50,0.85,0.05,maxrep,1000,0.0007742475718259811,117843,8240,374,24
23,22,8,1,0.5111111111111111,0.8888888888888888,0.9583333333333334,0.6666666666666666,0.5740740740740741,10,1000,20,0.9,0.05,maxrep,1000,0.0007871268317103386,110091,7584,374,24
23,22,8,1,0.5111111111111111,0.8888888888888888,0.9583333333333334,0.6666666666666666,0.5740740740740741,10,1000,20,0.9,0.05,4x_minrep,40,0.0009339973330497742,88357,7584,374,24
23,22,8,1,0.5111111111111111,0.8888888888888888,0.9583333333333334,0.6666666666666666,0.5740740740740741,10,1000,50,0.9,0.0,8x_minrep,80,0.0009897993877530098,91028,8240,374,24
23,22,8,1,0.5111111111111111,0.8888888888888888,0.9583333333333334,0.6666666666666666,0.5740740740740741,10,1000,10,0.9,0.05,8x_minrep,80,0.001029329840093851,72845,5828,344,24
22,23,9,0,0.4888888888888889,1.0,1.0,0.6567164179104478,0.5740740740740741,12,1000,7,0.95,0.15,8x_minrep,96,0.0005477461963891983,24220,3314,243,22
22,23,9,0,0.4888888888888889,1.0,1.0,0.6567164179104478,0.5740740740740741,12,1000,7,0.95,0.15,4x_minrep,48,0.0005764602683484554,24220,3314,243,22
22,23,9,0,0.4888888888888889,1.0,1.0,0.6567164179104478,0.5740740740740741,12,1000,7,0.95,0.1,8x_minrep,96,0.0005836659111082554,24220,3314,236,22
22,23,9,0,0.4888888888888889,1.0,1.0,0.6567164179104478,0.5740740740740741,12,1000,7,0.95,0.1,4x_minrep,48,0.0005926224403083324,24220,3314,236,22
22,23,9,0,0.4888888888888889,1.0,1.0,0.6567164179104478,0.5740740740740741,12,1000,7,0.95,0.1,maxrep,1000,0.0006055873818695545,55674,3314,236,22
22,23,9,0,0.4888888888888889,1.0,1.0,0.6567164179104478,0.5740740740740741,12,1000,7,0.95,0.15,maxrep,1000,0.0006137490272521973,55674,3314,243,22
22,23,8,1,0.4888888888888889,0.8888888888888888,0.9565217391304348,0.6470588235294117,0.5555555555555556,10,1000,3,0.85,0.1,maxrep,1000,0.0005841669626533985,43038,2787,239,23
22,23,8,1,0.4888888888888889,0.8888888888888888,0.9565217391304348,0.6470588235294117,0.5555555555555556,6,1000,3,0.9,0.1,8x_minrep,48,0.0005899611860513687,50913,4512,407,23
22,23,8,1,0.4888888888888889,0.8888888888888888,0.9565217391304348,0.6470588235294117,0.5555555555555556,10,1000,3,0.9,0.1,8x_minrep,80,0.0006129592657089233,37644,2787,239,23
22,23,8,1,0.4888888888888889,0.8888888888888888,0.9565217391304348,0.6470588235294117,0.5555555555555556,10,1000,3,0.85,0.1,8x_minrep,80,0.0006180806085467339,37644,2787,239,23
22,23,8,1,0.4888888888888889,0.8888888888888888,0.9565217391304348,0.6470588235294117,0.5555555555555556,8,1000,5,0.85,0.05,4x_minrep,32,0.0006248364225029945,63153,5148,391,23
22,23,8,1,0.4888888888888889,0.8888888888888888,0.9565217391304348,0.6470588235294117,0.5555555555555556,8,1000,5,0.85,0.05,8x_minrep,64,0.0006263754330575466,63153,5148,391,23
22,23,8,1,0.4888888888888889,0.8888888888888888,0.9565217391304348,0.6470588235294117,0.5555555555555556,6,1000,3,0.85,0.1,8x_minrep,48,0.0006285402923822403,50913,4512,407,23
22,23,8,1,0.4888888888888889,0.8888888888888888,0.9565217391304348,0.6470588235294117,0.5555555555555556,6,1000,3,0.9,0.1,4x_minrep,24,0.0006296234205365181,50600,4512,407,23
22,23,8,1,0.4888888888888889,0.8888888888888888,0.9565217391304348,0.6470588235294117,0.5555555555555556,10,1000,3,0.85,0.1,4x_minrep,40,0.0006298655644059181,37644,2787,239,23
22,23,8,1,0.4888888888888889,0.8888888888888888,0.9565217391304348,0.6470588235294117,0.5555555555555556,6,1000,3,0.85,0.1,maxrep,1000,0.000631208997219801,56689,4512,407,23
22,23,8,1,0.4888888888888889,0.8888888888888888,0.9565217391304348,0.6470588235294117,0.5555555555555556,10,1000,3,0.9,0.1,maxrep,1000,0.0006336676888167858,43038,2787,239,23
22,23,8,1,0.4888888888888889,0.8888888888888888,0.9565217391304348,0.6470588235294117,0.5555555555555556,8,1000,5,0.85,0.05,maxrep,1000,0.0006390460766851902,70739,5148,391,23
22,23,8,1,0.4888888888888889,0.8888888888888888,0.9565217391304348,0.6470588235294117,0.5555555555555556,8,1000,3,0.85,0.1,maxrep,1000,0.000646498054265976,50734,3648,293,23
22,23,8,1,0.4888888888888889,0.8888888888888888,0.9565217391304348,0.6470588235294117,0.5555555555555556,6,1000,3,0.9,0.1,maxrep,1000,0.0006501651369035244,56689,4512,407,23
22,23,8,1,0.4888888888888889,0.8888888888888888,0.9565217391304348,0.6470588235294117,0.5555555555555556,8,1000,5,0.85,0.0,8x_minrep,64,0.0006552054546773434,63153,5148,391,23
22,23,8,1,0.4888888888888889,0.8888888888888888,0.9565217391304348,0.6470588235294117,0.5555555555555556,6,1000,3,0.85,0.1,4x_minrep,24,0.0006567500531673431,50600,4512,407,23
22,23,8,1,0.4888888888888889,0.8888888888888888,0.9565217391304348,0.6470588235294117,0.5555555555555556,8,1000,5,0.85,0.0,maxrep,1000,0.0006605777889490128,70739,5148,391,23
22,23,8,1,0.4888888888888889,0.8888888888888888,0.9565217391304348,0.6470588235294117,0.5555555555555556,8,1000,3,0.85,0.1,8x_minrep,64,0.0006794147193431854,45526,3648,293,23
22,23,8,1,0.4888888888888889,0.8888888888888888,0.9565217391304348,0.6470588235294117,0.5555555555555556,8,1000,3,0.85,0.1,4x_minrep,32,0.0006974176503717899,45526,3648,293,23
22,23,8,1,0.4888888888888889,0.8888888888888888,0.9565217391304348,0.6470588235294117,0.5555555555555556,10,1000,3,0.9,0.1,4x_minrep,40,0.0006988714449107647,37644,2787,239,23
22,23,8,1,0.4888888888888889,0.8888888888888888,0.9565217391304348,0.6470588235294117,0.5555555555555556,8,1000,5,0.85,0.0,4x_minrep,32,0.0011057928204536438,63153,5148,391,23
21,24,9,0,0.4666666666666667,1.0,1.0,0.6363636363636364,0.5555555555555556,12,1000,5,0.95,0.1,8x_minrep,96,0.0005149957723915577,20607,2730,193,21
21,24,9,0,0.4666666666666667,1.0,1.0,0.6363636363636364,0.5555555555555556,12,1000,5,0.95,0.15,8x_minrep,96,0.0005174954421818256,20607,2730,200,21
21,24,9,0,0.4666666666666667,1.0,1.0,0.6363636363636364,0.5555555555555556,12,1000,5,0.95,0.15,maxrep,1000,0.0005419617518782616,45998,2730,200,21
21,24,9,0,0.4666666666666667,1.0,1.0,0.6363636363636364,0.5555555555555556,12,1000,5,0.95,0.1,4x_minrep,48,0.0005555781535804272,20607,2730,193,21
21,24,9,0,0.4666666666666667,1.0,1.0,0.6363636363636364,0.5555555555555556,12,1000,5,0.95,0.15,4x_minrep,48,0.0005699195899069309,20607,2730,200,21
21,24,9,0,0.4666666666666667,1.0,1.0,0.6363636363636364,0.5555555555555556,12,1000,5,0.95,0.1,maxrep,1000,0.0008596298284828663,45998,2730,193,21
21,24,8,1,0.4666666666666667,0.8888888888888888,0.9545454545454546,0.6268656716417911,0.5370370370370371,10,1000,7,0.9,0.0,4x_minrep,40,0.0005723340436816216,61122,4778,295,22
21,24,8,1,0.4666666666666667,0.8888888888888888,0.9545454545454546,0.6268656716417911,0.5370370370370371,10,1000,7,0.9,0.0,8x_minrep,80,0.0005805394612252712,61122,4778,295,22
21,24,8,1,0.4666666666666667,0.8888888888888888,0.9545454545454546,0.6268656716417911,0.5370370370370371,8,1000,3,0.9,0.1,8x_minrep,64,0.0005882075056433678,43766,3648,289,22
21,24,8,1,0.4666666666666667,0.8888888888888888,0.9545454545454546,0.6268656716417911,0.5370370370370371,10,1000,7,0.85,0.0,8x_minrep,80,0.0005892557092010975,61122,4778,295,22
21,24,8,1,0.4666666666666667,0.8888888888888888,0.9545454545454546,0.6268656716417911,0.5370370370370371,10,1000,7,0.85,0.05,8x_minrep,80,0.0005892873741686344,61122,4778,295,22
21,24,8,1,0.4666666666666667,0.8888888888888888,0.9545454545454546,0.6268656716417911,0.5370370370370371,8,1000,5,0.9,0.0,maxrep,1000,0.0005909986793994904,70728,5148,387,22
21,24,8,1,0.4666666666666667,0.8888888888888888,0.9545454545454546,0.6268656716417911,0.5370370370370371,8,1000,5,0.9,0.0,8x_minrep,64,0.0005914201028645039,60669,5148,387,22
21,24,8,1,0.4666666666666667,0.8888888888888888,0.9545454545454546,0.6268656716417911,0.5370370370370371,6,1000,5,0.95,0.0,8x_minrep,48,0.0005978750996291637,71305,6444,557,22
21,24,8,1,0.4666666666666667,0.8888888888888888,0.9545454545454546,0.6268656716417911,0.5370370370370371,6,1000,5,0.95,0.05,maxrep,1000,0.0005981717258691788,79743,6444,557,22
21,24,8,1,0.4666666666666667,0.8888888888888888,0.9545454545454546,0.6268656716417911,0.5370370370370371,8,1000,5,0.9,0.0,4x_minrep,32,0.000605123583227396,60669,5148,387,22
21,24,8,1,0.4666666666666667,0.8888888888888888,0.9545454545454546,0.6268656716417911,0.5370370370370371,8,1000,5,0.9,0.05,8x_minrep,64,0.0006090002134442329,60669,5148,387,22
21,24,8,1,0.4666666666666667,0.8888888888888888,0.9545454545454546,0.6268656716417911,0.5370370370370371,10,1000,7,0.85,0.0,4x_minrep,40,0.00061033945530653,61122,4778,295,22
21,24,8,1,0.4666666666666667,0.8888888888888888,0.9545454545454546,0.6268656716417911,0.5370370370370371,10,1000,7,0.9,0.0,maxrep,1000,0.0006113685667514801,71229,4778,295,22
21,24,8,1,0.4666666666666667,0.8888888888888888,0.9545454545454546,0.6268656716417911,0.5370370370370371,6,1000,5,0.95,0.0,maxrep,1000,0.0006122454069554806,79743,6444,557,22
21,24,8,1,0.4666666666666667,0.8888888888888888,0.9545454545454546,0.6268656716417911,0.5370370370370371,8,1000,5,0.9,0.05,4x_minrep,32,0.0006141201592981815,60669,5148,387,22
21,24,8,1,0.4666666666666667,0.8888888888888888,0.9545454545454546,0.6268656716417911,0.5370370370370371,8,1000,5,0.9,0.05,maxrep,1000,0.0006161639466881752,70728,5148,387,22
21,24,8,1,0.4666666666666667,0.8888888888888888,0.9545454545454546,0.6268656716417911,0.5370370370370371,8,1000,3,0.9,0.1,maxrep,1000,0.0006195837631821632,50721,3648,289,22
21,24,8,1,0.4666666666666667,0.8888888888888888,0.9545454545454546,0.6268656716417911,0.5370370370370371,6,1000,5,0.95,0.05,8x_minrep,48,0.0006217909976840019,71305,6444,557,22
21,24,8,1,0.4666666666666667,0.8888888888888888,0.9545454545454546,0.6268656716417911,0.5370370370370371,6,1000,5,0.95,0.05,4x_minrep,24,0.0006259595975279808,70932,6444,557,22
21,24,8,1,0.4666666666666667,0.8888888888888888,0.9545454545454546,0.6268656716417911,0.5370370370370371,8,1000,3,0.9,0.1,4x_minrep,32,0.0006399969570338726,43766,3648,289,22
21,24,8,1,0.4666666666666667,0.8888888888888888,0.9545454545454546,0.6268656716417911,0.5370370370370371,10,1000,7,0.85,0.05,maxrep,1000,0.0006417911499738693,71229,4778,295,22
21,24,8,1,0.4666666666666667,0.8888888888888888,0.9545454545454546,0.6268656716417911,0.5370370370370371,10,1000,7,0.85,0.05,4x_minrep,40,0.0006463304162025452,61122,4778,295,22
21,24,8,1,0.4666666666666667,0.8888888888888888,0.9545454545454546,0.6268656716417911,0.5370370370370371,6,1000,5,0.95,0.0,4x_minrep,24,0.0006513800472021103,70932,6444,557,22
21,24,8,1,0.4666666666666667,0.8888888888888888,0.9545454545454546,0.6268656716417911,0.5370370370370371,10,1000,7,0.9,0.05,8x_minrep,80,0.0006573391146957874,61122,4778,295,22
21,24,8,1,0.4666666666666667,0.8888888888888888,0.9545454545454546,0.6268656716417911,0.5370370370370371,10,1000,7,0.85,0.0,maxrep,1000,0.0006576306186616421,71229,4778,295,22
21,24,8,1,0.4666666666666667,0.8888888888888888,0.9545454545454546,0.6268656716417911,0.5370370370370371,10,1000,7,0.9,0.05,maxrep,1000,0.0006855791434645653,71229,4778,295,22
21,24,8,1,0.4666666666666667,0.8888888888888888,0.9545454545454546,0.6268656716417911,0.5370370370370371,10,1000,7,0.9,0.05,4x_minrep,40,0.0010587549768388271,61122,4778,295,22
20,25,9,0,0.4444444444444444,1.0,1.0,0.6153846153846153,0.5370370370370371,12,1000,3,0.95,0.15,8x_minrep,96,0.0005410029552876949,15514,1991,145,20
20,25,9,0,0.4444444444444444,1.0,1.0,0.6153846153846153,0.5370370370370371,12,1000,3,0.95,0.15,maxrep,1000,0.0005481247790157795,33720,1991,145,20
20,25,9,0,0.4444444444444444,1.0,1.0,0.6153846153846153,0.5370370370370371,12,1000,3,0.95,0.15,4x_minrep,48,0.000574170146137476,15514,1991,145,20
20,25,8,1,0.4444444444444444,0.8888888888888888,0.9523809523809523,0.6060606060606061,0.5185185185185185,10,1000,50,0.95,0.05,8x_minrep,80,0.0005415822379291058,48393,8240,358,21
20,25,8,1,0.4444444444444444,0.8888888888888888,0.9523809523809523,0.6060606060606061,0.5185185185185185,10,1000,10,0.95,0.05,8x_minrep,80,0.0005761245265603065,41759,5828,330,21
20,25,8,1,0.4444444444444444,0.8888888888888888,0.9523809523809523,0.6060606060606061,0.5185185185185185,10,1000,5,0.9,0.05,8x_minrep,80,0.0005762120708823204,50305,3871,243,21
20,25,8,1,0.4444444444444444,0.8888888888888888,0.9523809523809523,0.6060606060606061,0.5185185185185185,10,1000,20,0.95,0.05,4x_minrep,40,0.0005810833536088467,47762,7584,358,21
20,25,8,1,0.4444444444444444,0.8888888888888888,0.9523809523809523,0.6060606060606061,0.5185185185185185,10,1000,5,0.85,0.0,8x_minrep,80,0.0005857157520949841,50305,3871,243,21
20,25,8,1,0.4444444444444444,0.8888888888888888,0.9523809523809523,0.6060606060606061,0.5185185185185185,10,1000,50,0.95,0.0,8x_minrep,80,0.0005862894468009472,48393,8240,358,21
20,25,8,1,0.4444444444444444,0.8888888888888888,0.9523809523809523,0.6060606060606061,0.5185185185185185,10,1000,5,0.9,0.05,4x_minrep,40,0.0005901227705180645,50305,3871,243,21
20,25,8,1,0.4444444444444444,0.8888888888888888,0.9523809523809523,0.6060606060606061,0.5185185185185185,10,1000,10,0.95,0.05,4x_minrep,40,0.0005918741226196289,41759,5828,330,21
20,25,8,1,0.4444444444444444,0.8888888888888888,0.9523809523809523,0.6060606060606061,0.5185185185185185,10,1000,50,0.95,0.05,4x_minrep,40,0.0005946299061179161,48393,8240,358,21
20,25,8,1,0.4444444444444444,0.8888888888888888,0.9523809523809523,0.6060606060606061,0.5185185185185185,10,1000,20,0.95,0.0,8x_minrep,80,0.0005972506478428841,47762,7584,358,21
20,25,8,1,0.4444444444444444,0.8888888888888888,0.9523809523809523,0.6060606060606061,0.5185185185185185,10,1000,50,0.95,0.0,4x_minrep,40,0.0005984529852867126,48393,8240,358,21
20,25,8,1,0.4444444444444444,0.8888888888888888,0.9523809523809523,0.6060606060606061,0.5185185185185185,10,1000,20,0.95,0.05,8x_minrep,80,0.0006005819886922836,47762,7584,358,21
20,25,8,1,0.4444444444444444,0.8888888888888888,0.9523809523809523,0.6060606060606061,0.5185185185185185,10,1000,5,0.85,0.0,maxrep,1000,0.0006019985303282738,58131,3871,243,21
20,25,8,1,0.4444444444444444,0.8888888888888888,0.9523809523809523,0.6060606060606061,0.5185185185185185,10,1000,5,0.9,0.05,maxrep,1000,0.0006048781797289848,58131,3871,243,21
20,25,8,1,0.4444444444444444,0.8888888888888888,0.9523809523809523,0.6060606060606061,0.5185185185185185,10,1000,10,0.95,0.0,8x_minrep,80,0.0006102500483393669,41759,5828,330,21
20,25,8,1,0.4444444444444444,0.8888888888888888,0.9523809523809523,0.6060606060606061,0.5185185185185185,10,1000,5,0.85,0.0,4x_minrep,40,0.0006121238693594933,50305,3871,243,21
20,25,8,1,0.4444444444444444,0.8888888888888888,0.9523809523809523,0.6060606060606061,0.5185185185185185,10,1000,5,0.85,0.05,maxrep,1000,0.0006132866255939007,58131,3871,243,21
20,25,8,1,0.4444444444444444,0.8888888888888888,0.9523809523809523,0.6060606060606061,0.5185185185185185,10,1000,5,0.85,0.05,4x_minrep,40,0.0006164219230413437,50305,3871,243,21
20,25,8,1,0.4444444444444444,0.8888888888888888,0.9523809523809523,0.6060606060606061,0.5185185185185185,10,1000,5,0.85,0.05,8x_minrep,80,0.0006177863106131554,50305,3871,243,21
20,25,8,1,0.4444444444444444,0.8888888888888888,0.9523809523809523,0.6060606060606061,0.5185185185185185,10,1000,10,0.95,0.05,maxrep,1000,0.000622251071035862,85902,5828,330,21
20,25,8,1,0.4444444444444444,0.8888888888888888,0.9523809523809523,0.6060606060606061,0.5185185185185185,10,1000,10,0.95,0.0,4x_minrep,40,0.0006266646087169647,41759,5828,330,21
20,25,8,1,0.4444444444444444,0.8888888888888888,0.9523809523809523,0.6060606060606061,0.5185185185185185,10,1000,5,0.9,0.0,4x_minrep,40,0.0006310418248176575,50305,3871,243,21
20,25,8,1,0.4444444444444444,0.8888888888888888,0.9523809523809523,0.6060606060606061,0.5185185185185185,10,1000,20,0.95,0.0,4x_minrep,40,0.0006387112662196159,47762,7584,358,21
20,25,8,1,0.4444444444444444,0.8888888888888888,0.9523809523809523,0.6060606060606061,0.5185185185185185,10,1000,5,0.9,0.0,maxrep,1000,0.0006415434181690216,58131,3871,243,21
20,25,8,1,0.4444444444444444,0.8888888888888888,0.9523809523809523,0.6060606060606061,0.5185185185185185,10,1000,50,0.95,0.05,maxrep,1000,0.000648960005491972,117626,8240,358,21
20,25,8,1,0.4444444444444444,0.8888888888888888,0.9523809523809523,0.6060606060606061,0.5185185185185185,10,1000,20,0.95,0.05,maxrep,1000,0.0006498722359538078,109874,7584,358,21
20,25,8,1,0.4444444444444444,0.8888888888888888,0.9523809523809523,0.6060606060606061,0.5185185185185185,10,1000,5,0.9,0.0,8x_minrep,80,0.0006582974456250668,50305,3871,243,21
20,25,8,1,0.4444444444444444,0.8888888888888888,0.9523809523809523,0.6060606060606061,0.5185185185185185,10,1000,10,0.95,0.0,maxrep,1000,0.000674709677696228,85902,5828,330,21
20,25,8,1,0.4444444444444444,0.8888888888888888,0.9523809523809523,0.6060606060606061,0.5185185185185185,10,1000,50,0.95,0.0,maxrep,1000,0.0006915810517966747,117626,8240,358,21
20,25,8,1,0.4444444444444444,0.8888888888888888,0.9523809523809523,0.6060606060606061,0.5185185185185185,10,1000,20,0.95,0.0,maxrep,1000,0.0006925817579030991,109874,7584,358,21
19,26,8,1,0.4222222222222222,0.8888888888888888,0.95,0.5846153846153845,0.5,6,1000,3,0.95,0.1,4x_minrep,24,0.0005660466849803925,50600,4512,397,20
19,26,8,1,0.4222222222222222,0.8888888888888888,0.95,0.5846153846153845,0.5,8,1000,3,0.95,0.1,maxrep,1000,0.000572041142731905,50721,3648,285,20
19,26,8,1,0.4222222222222222,0.8888888888888888,0.95,0.5846153846153845,0.5,8,1000,5,0.95,0.0,8x_minrep,64,0.0005859155207872391,60669,5148,385,20
19,26,8,1,0.4222222222222222,0.8888888888888888,0.95,0.5846153846153845,0.5,8,1000,5,0.95,0.0,maxrep,1000,0.0005866233259439468,70728,5148,385,20
19,26,8,1,0.4222222222222222,0.8888888888888888,0.95,0.5846153846153845,0.5,8,1000,5,0.95,0.05,maxrep,1000,0.0005883718840777874,70728,5148,385,20
19,26,8,1,0.4222222222222222,0.8888888888888888,0.95,0.5846153846153845,0.5,8,1000,3,0.95,0.1,8x_minrep,64,0.0005940436385571957,43766,3648,285,20
19,26,8,1,0.4222222222222222,0.8888888888888888,0.95,0.5846153846153845,0.5,8,1000,5,0.95,0.0,4x_minrep,32,0.0006007924675941467,60669,5148,385,20
19,26,8,1,0.4222222222222222,0.8888888888888888,0.95,0.5846153846153845,0.5,6,1000,3,0.95,0.1,maxrep,1000,0.0006063776090741158,56689,4512,397,20
19,26,8,1,0.4222222222222222,0.8888888888888888,0.95,0.5846153846153845,0.5,6,1000,3,0.95,0.1,8x_minrep,48,0.0006077960133552551,50913,4512,397,20
19,26,8,1,0.4222222222222222,0.8888888888888888,0.95,0.5846153846153845,0.5,8,1000,5,0.95,0.05,8x_minrep,64,0.0006082532927393913,60669,5148,385,20
19,26,8,1,0.4222222222222222,0.8888888888888888,0.95,0.5846153846153845,0.5,8,1000,5,0.95,0.05,4x_minrep,32,0.000621710903942585,60669,5148,385,20
19,26,8,1,0.4222222222222222,0.8888888888888888,0.95,0.5846153846153845,0.5,8,1000,3,0.95,0.1,4x_minrep,32,0.000644792802631855,43766,3648,285,20
18,27,8,1,0.4,0.8888888888888888,0.9473684210526315,0.5625,0.48148148148148145,10,1000,3,0.95,0.1,8x_minrep,80,0.0005235434509813786,22601,2787,223,19
18,27,8,1,0.4,0.8888888888888888,0.9473684210526315,0.5625,0.48148148148148145,10,1000,7,0.95,0.05,8x_minrep,80,0.0005297474563121796,35759,4778,288,19
18,27,8,1,0.4,0.8888888888888888,0.9473684210526315,0.5625,0.48148148148148145,10,1000,7,0.95,0.05,4x_minrep,40,0.0005517853423953056,35759,4778,288,19
18,27,8,1,0.4,0.8888888888888888,0.9473684210526315,0.5625,0.48148148148148145,10,1000,3,0.95,0.1,4x_minrep,40,0.0005520405247807503,22601,2787,223,19
18,27,8,1,0.4,0.8888888888888888,0.9473684210526315,0.5625,0.48148148148148145,10,1000,7,0.95,0.0,4x_minrep,40,0.0005522104911506176,35759,4778,288,19
18,27,8,1,0.4,0.8888888888888888,0.9473684210526315,0.5625,0.48148148148148145,10,1000,3,0.95,0.1,maxrep,1000,0.0005619162693619728,42688,2787,223,19
18,27,8,1,0.4,0.8888888888888888,0.9473684210526315,0.5625,0.48148148148148145,10,1000,7,0.95,0.0,8x_minrep,80,0.0005645835772156715,35759,4778,288,19
18,27,8,1,0.4,0.8888888888888888,0.9473684210526315,0.5625,0.48148148148148145,10,1000,7,0.95,0.0,maxrep,1000,0.0005705379880964756,71102,4778,288,19
18,27,8,1,0.4,0.8888888888888888,0.9473684210526315,0.5625,0.48148148148148145,10,1000,7,0.95,0.05,maxrep,1000,0.0005725445225834846,71102,4778,288,19
17,28,9,0,0.37777777777777777,1.0,1.0,0.5483870967741935,0.48148148148148145,12,1000,3,0.9,0.1,4x_minrep,48,0.00047387322410941124,20808,1991,147,17
17,28,9,0,0.37777777777777777,1.0,1.0,0.5483870967741935,0.48148148148148145,12,1000,3,0.9,0.1,8x_minrep,96,0.00047807907685637474,20808,1991,147,17
17,28,9,0,0.37777777777777777,1.0,1.0,0.5483870967741935,0.48148148148148145,12,1000,3,0.85,0.1,8x_minrep,96,0.0004816250875592232,20808,1991,147,17
17,28,9,0,0.37777777777777777,1.0,1.0,0.5483870967741935,0.48148148148148145,12,1000,3,0.85,0.1,4x_minrep,48,0.0005210395902395248,20808,1991,147,17
17,28,9,0,0.37777777777777777,1.0,1.0,0.5483870967741935,0.48148148148148145,12,1000,3,0.85,0.1,maxrep,1000,0.0005820817314088345,34016,1991,147,17
17,28,9,0,0.37777777777777777,1.0,1.0,0.5483870967741935,0.48148148148148145,12,1000,3,0.9,0.1,maxrep,1000,0.0008948375470936298,34016,1991,147,17
17,28,8,1,0.37777777777777777,0.8888888888888888,0.9444444444444444,0.5396825396825397,0.46296296296296297,10,1000,5,0.95,0.05,4x_minrep,40,0.00048191938549280167,29782,3871,239,18
17,28,8,1,0.37777777777777777,0.8888888888888888,0.9444444444444444,0.5396825396825397,0.46296296296296297,10,1000,5,0.95,0.0,4x_minrep,40,0.0004837876185774803,29782,3871,239,18
17,28,8,1,0.37777777777777777,0.8888888888888888,0.9444444444444444,0.5396825396825397,0.46296296296296297,10,1000,5,0.95,0.0,8x_minrep,80,0.0004896246828138828,29782,3871,239,18
17,28,8,1,0.37777777777777777,0.8888888888888888,0.9444444444444444,0.5396825396825397,0.46296296296296297,10,1000,5,0.95,0.05,8x_minrep,80,0.0005022063851356506,29782,3871,239,18
17,28,8,1,0.37777777777777777,0.8888888888888888,0.9444444444444444,0.5396825396825397,0.46296296296296297,10,1000,5,0.95,0.05,maxrep,1000,0.0005292529240250587,58034,3871,239,18
17,28,8,1,0.37777777777777777,0.8888888888888888,0.9444444444444444,0.5396825396825397,0.46296296296296297,10,1000,5,0.95,0.0,maxrep,1000,0.0005525816231966019,58034,3871,239,18
15,30,9,0,0.3333333333333333,1.0,1.0,0.5,0.4444444444444444,12,1000,5,0.85,0.05,8x_minrep,96,0.0004265853203833103,26163,2730,133,15
15,30,9,0,0.3333333333333333,1.0,1.0,0.5,0.4444444444444444,12,1000,5,0.9,0.0,8x_minrep,96,0.00043386872857809067,26163,2730,133,15
15,30,9,0,0.3333333333333333,1.0,1.0,0.5,0.4444444444444444,12,1000,7,0.85,0.05,8x_minrep,96,0.0004359995946288109,30412,3314,153,15
15,30,9,0,0.3333333333333333,1.0,1.0,0.5,0.4444444444444444,12,1000,7,0.9,0.0,4x_minrep,48,0.0004367893561720848,30412,3314,153,15
15,30,9,0,0.3333333333333333,1.0,1.0,0.5,0.4444444444444444,12,1000,5,0.9,0.05,8x_minrep,96,0.0004389975219964981,26163,2730,133,15
15,30,9,0,0.3333333333333333,1.0,1.0,0.5,0.4444444444444444,12,1000,10,0.85,0.0,4x_minrep,48,0.0004394957795739174,33850,3945,164,15
15,30,9,0,0.3333333333333333,1.0,1.0,0.5,0.4444444444444444,12,1000,5,0.85,0.05,maxrep,1000,0.00044191302731633186,45085,2730,133,15
15,30,9,0,0.3333333333333333,1.0,1.0,0.5,0.4444444444444444,12,1000,5,0.9,0.0,4x_minrep,48,0.00044312886893749237,26163,2730,133,15
15,30,9,0,0.3333333333333333,1.0,1.0,0.5,0.4444444444444444,12,1000,7,0.9,0.0,8x_minrep,96,0.0004442920908331871,30412,3314,153,15
15,30,9,0,0.3333333333333333,1.0,1.0,0.5,0.4444444444444444,12,1000,10,0.9,0.0,4x_minrep,48,0.0004455368034541607,33850,3945,164,15
15,30,9,0,0.3333333333333333,1.0,1.0,0.5,0.4444444444444444,12,1000,10,0.85,0.05,4x_minrep,48,0.0004471247084438801,33850,3945,164,15
15,30,9,0,0.3333333333333333,1.0,1.0,0.5,0.4444444444444444,12,1000,20,0.9,0.0,8x_minrep,96,0.00044733844697475433,37763,5140,170,15
15,30,9,0,0.3333333333333333,1.0,1.0,0.5,0.4444444444444444,12,1000,7,0.85,0.0,4x_minrep,48,0.00044908933341503143,30412,3314,153,15
15,30,9,0,0.3333333333333333,1.0,1.0,0.5,0.4444444444444444,12,1000,7,0.9,0.0,maxrep,1000,0.00045029167085886,54472,3314,153,15
15,30,9,0,0.3333333333333333,1.0,1.0,0.5,0.4444444444444444,12,1000,7,0.9,0.05,4x_minrep,48,0.00045046210289001465,30412,3314,153,15
15,30,9,0,0.3333333333333333,1.0,1.0,0.5,0.4444444444444444,12,1000,20,0.9,0.05,4x_minrep,48,0.0004508313722908497,37763,5140,170,15
15,30,9,0,0.3333333333333333,1.0,1.0,0.5,0.4444444444444444,12,1000,7,0.9,0.05,8x_minrep,96,0.000450831837952137,30412,3314,153,15
15,30,9,0,0.3333333333333333,1.0,1.0,0.5,0.4444444444444444,12,1000,5,0.9,0.05,4x_minrep,48,0.0004513389430940151,26163,2730,133,15
15,30,9,0,0.3333333333333333,1.0,1.0,0.5,0.4444444444444444,12,1000,5,0.85,0.05,4x_minrep,48,0.0004520406946539879,26163,2730,133,15
15,30,9,0,0.3333333333333333,1.0,1.0,0.5,0.4444444444444444,12,1000,10,0.9,0.0,8x_minrep,96,0.0004557464271783829,33850,3945,164,15
15,30,9,0,0.3333333333333333,1.0,1.0,0.5,0.4444444444444444,12,1000,5,0.85,0.0,8x_minrep,96,0.0004568719305098057,26163,2730,133,15
15,30,9,0,0.3333333333333333,1.0,1.0,0.5,0.4444444444444444,12,1000,50,0.85,0.05,4x_minrep,48,0.0004585026763379574,38278,5453,170,15
15,30,9,0,0.3333333333333333,1.0,1.0,0.5,0.4444444444444444,12,1000,7,0.85,0.0,8x_minrep,96,0.00046066707000136375,30412,3314,153,15
15,30,9,0,0.3333333333333333,1.0,1.0,0.5,0.4444444444444444,12,1000,50,0.9,0.05,8x_minrep,96,0.000460959505289793,38278,5453,170,15
15,30,9,0,0.3333333333333333,1.0,1.0,0.5,0.4444444444444444,12,1000,5,0.9,0.05,maxrep,1000,0.0004613790661096573,45085,2730,133,15
15,30,9,0,0.3333333333333333,1.0,1.0,0.5,0.4444444444444444,12,1000,10,0.85,0.05,8x_minrep,96,0.0004620840772986412,33850,3945,164,15
15,30,9,0,0.3333333333333333,1.0,1.0,0.5,0.4444444444444444,12,1000,20,0.85,0.0,8x_minrep,96,0.00046616699546575546,37763,5140,170,15
15,30,9,0,0.3333333333333333,1.0,1.0,0.5,0.4444444444444444,12,1000,5,0.85,0.0,4x_minrep,48,0.00046629132702946663,26163,2730,133,15
15,30,9,0,0.3333333333333333,1.0,1.0,0.5,0.4444444444444444,12,1000,50,0.9,0.05,4x_minrep,48,0.00047163013368844986,38278,5453,170,15
15,30,9,0,0.3333333333333333,1.0,1.0,0.5,0.4444444444444444,12,1000,50,0.9,0.0,8x_minrep,96,0.00047512445598840714,38278,5453,170,15
15,30,9,0,0.3333333333333333,1.0,1.0,0.5,0.4444444444444444,12,1000,7,0.85,0.05,4x_minrep,48,0.0004772539250552654,30412,3314,153,15
15,30,9,0,0.3333333333333333,1.0,1.0,0.5,0.4444444444444444,12,1000,20,0.85,0.05,8x_minrep,96,0.0004779128357768059,37763,5140,170,15
15,30,9,0,0.3333333333333333,1.0,1.0,0.5,0.4444444444444444,12,1000,10,0.9,0.05,8x_minrep,96,0.00047812890261411667,33850,3945,164,15
15,30,9,0,0.3333333333333333,1.0,1.0,0.5,0.4444444444444444,12,1000,10,0.85,0.0,8x_minrep,96,0.0004789959639310837,33850,3945,164,15
15,30,9,0,0.3333333333333333,1.0,1.0,0.5,0.4444444444444444,12,1000,20,0.85,0.0,4x_minrep,48,0.00048091262578964233,37763,5140,170,15
15,30,9,0,0.3333333333333333,1.0,1.0,0.5,0.4444444444444444,12,1000,5,0.85,0.0,maxrep,1000,0.00048375315964221954,45085,2730,133,15
15,30,9,0,0.3333333333333333,1.0,1.0,0.5,0.4444444444444444,12,1000,20,0.9,0.05,8x_minrep,96,0.0004862123169004917,37763,5140,170,15
15,30,9,0,0.3333333333333333,1.0,1.0,0.5,0.4444444444444444,12,1000,10,0.9,0.0,maxrep,1000,0.0004947502166032791,64581,3945,164,15
15,30,9,0,0.3333333333333333,1.0,1.0,0.5,0.4444444444444444,12,1000,20,0.85,0.05,4x_minrep,48,0.0004948782734572887,37763,5140,170,15
15,30,9,0,0.3333333333333333,1.0,1.0,0.5,0.4444444444444444,12,1000,50,0.85,0.0,8x_minrep,96,0.0004952102899551392,38278,5453,170,15
15,30,9,0,0.3333333333333333,1.0,1.0,0.5,0.4444444444444444,12,1000,50,0.9,0.0,4x_minrep,48,0.0004971274174749851,38278,5453,170,15
15,30,9,0,0.3333333333333333,1.0,1.0,0.5,0.4444444444444444,12,1000,5,0.9,0.0,maxrep,1000,0.0004974957555532455,45085,2730,133,15
15,30,9,0,0.3333333333333333,1.0,1.0,0.5,0.4444444444444444,12,1000,50,0.85,0.0,4x_minrep,48,0.0004975870251655579,38278,5453,170,15
15,30,9,0,0.3333333333333333,1.0,1.0,0.5,0.4444444444444444,12,1000,50,0.85,0.05,8x_minrep,96,0.0004996242932975292,38278,5453,170,15
15,30,9,0,0.3333333333333333,1.0,1.0,0.5,0.4444444444444444,12,1000,10,0.9,0.05,4x_minrep,48,0.00050725182518363,33850,3945,164,15
15,30,9,0,0.3333333333333333,1.0,1.0,0.5,0.4444444444444444,12,1000,7,0.9,0.05,maxrep,1000,0.0005125831812620163,54472,3314,153,15
15,30,9,0,0.3333333333333333,1.0,1.0,0.5,0.4444444444444444,12,1000,10,0.85,0.05,maxrep,1000,0.0005133789964020252,64581,3945,164,15
15,30,9,0,0.3333333333333333,1.0,1.0,0.5,0.4444444444444444,12,1000,7,0.85,0.0,maxrep,1000,0.0005138763226568699,54472,3314,153,15
15,30,9,0,0.3333333333333333,1.0,1.0,0.5,0.4444444444444444,12,1000,7,0.85,0.05,maxrep,1000,0.0005224156193435192,54472,3314,153,15
15,30,9,0,0.3333333333333333,1.0,1.0,0.5,0.4444444444444444,12,1000,50,0.9,0.05,maxrep,1000,0.0005259611643850803,86664,5453,170,15
15,30,9,0,0.3333333333333333,1.0,1.0,0.5,0.4444444444444444,12,1000,20,0.9,0.05,maxrep,1000,0.0005308347754180431,82492,5140,170,15
15,30,9,0,0.3333333333333333,1.0,1.0,0.5,0.4444444444444444,12,1000,10,0.85,0.0,maxrep,1000,0.0005375826731324196,64581,3945,164,15
15,30,9,0,0.3333333333333333,1.0,1.0,0.5,0.4444444444444444,12,1000,50,0.85,0.0,maxrep,1000,0.0005430448800325394,86664,5453,170,15
15,30,9,0,0.3333333333333333,1.0,1.0,0.5,0.4444444444444444,12,1000,20,0.9,0.0,maxrep,1000,0.0005518700927495956,82492,5140,170,15
15,30,9,0,0.3333333333333333,1.0,1.0,0.5,0.4444444444444444,12,1000,50,0.9,0.0,maxrep,1000,0.0005519120022654533,86664,5453,170,15
15,30,9,0,0.3333333333333333,1.0,1.0,0.5,0.4444444444444444,12,1000,10,0.9,0.05,maxrep,1000,0.0005537043325603008,64581,3945,164,15
15,30,9,0,0.3333333333333333,1.0,1.0,0.5,0.4444444444444444,12,1000,20,0.85,0.05,maxrep,1000,0.0005679940804839134,82492,5140,170,15
15,30,9,0,0.3333333333333333,1.0,1.0,0.5,0.4444444444444444,12,1000,50,0.85,0.05,maxrep,1000,0.000570379663258791,86664,5453,170,15
15,30,9,0,0.3333333333333333,1.0,1.0,0.5,0.4444444444444444,12,1000,20,0.85,0.0,maxrep,1000,0.0005759946070611477,82492,5140,170,15
15,30,9,0,0.3333333333333333,1.0,1.0,0.5,0.4444444444444444,12,1000,20,0.9,0.0,4x_minrep,48,0.0007829596288502216,37763,5140,170,15
15,30,8,1,0.3333333333333333,0.8888888888888888,0.9375,0.49180327868852464,0.42592592592592593,6,1000,3,0.9,0.0,8x_minrep,48,0.000498495064675808,50913,4512,393,16
15,30,8,1,0.3333333333333333,0.8888888888888888,0.9375,0.49180327868852464,0.42592592592592593,8,1000,3,0.85,0.0,8x_minrep,64,0.0004985448904335499,45526,3648,283,16
15,30,8,1,0.3333333333333333,0.8888888888888888,0.9375,0.49180327868852464,0.42592592592592593,6,1000,3,0.85,0.05,maxrep,1000,0.0005049551837146282,56689,4512,393,16
15,30,8,1,0.3333333333333333,0.8888888888888888,0.9375,0.49180327868852464,0.42592592592592593,6,1000,3,0.9,0.05,maxrep,1000,0.0005118348635733128,56689,4512,393,16
15,30,8,1,0.3333333333333333,0.8888888888888888,0.9375,0.49180327868852464,0.42592592592592593,6,1000,3,0.85,0.05,8x_minrep,48,0.0005133403465151787,50913,4512,393,16
15,30,8,1,0.3333333333333333,0.8888888888888888,0.9375,0.49180327868852464,0.42592592592592593,6,1000,3,0.9,0.05,8x_minrep,48,0.000517536886036396,50913,4512,393,16
15,30,8,1,0.3333333333333333,0.8888888888888888,0.9375,0.49180327868852464,0.42592592592592593,6,1000,3,0.85,0.05,4x_minrep,24,0.0005179578438401222,50600,4512,393,16
15,30,8,1,0.3333333333333333,0.8888888888888888,0.9375,0.49180327868852464,0.42592592592592593,8,1000,3,0.85,0.05,4x_minrep,32,0.0005190414376556873,45526,3648,283,16
15,30,8,1,0.3333333333333333,0.8888888888888888,0.9375,0.49180327868852464,0.42592592592592593,8,1000,3,0.85,0.0,maxrep,1000,0.0005266675725579262,50734,3648,283,16
15,30,8,1,0.3333333333333333,0.8888888888888888,0.9375,0.49180327868852464,0.42592592592592593,6,1000,3,0.9,0.0,maxrep,1000,0.0005355840548872948,56689,4512,393,16
15,30,8,1,0.3333333333333333,0.8888888888888888,0.9375,0.49180327868852464,0.42592592592592593,6,1000,3,0.9,0.05,4x_minrep,24,0.0005367882549762726,50600,4512,393,16
15,30,8,1,0.3333333333333333,0.8888888888888888,0.9375,0.49180327868852464,0.42592592592592593,6,1000,3,0.85,0.0,8x_minrep,48,0.0005417917855083942,50913,4512,393,16
15,30,8,1,0.3333333333333333,0.8888888888888888,0.9375,0.49180327868852464,0.42592592592592593,8,1000,3,0.85,0.05,8x_minrep,64,0.0005522528663277626,45526,3648,283,16
15,30,8,1,0.3333333333333333,0.8888888888888888,0.9375,0.49180327868852464,0.42592592592592593,8,1000,3,0.85,0.05,maxrep,1000,0.0005622506141662598,50734,3648,283,16
15,30,8,1,0.3333333333333333,0.8888888888888888,0.9375,0.49180327868852464,0.42592592592592593,6,1000,3,0.85,0.0,maxrep,1000,0.0005672452971339226,56689,4512,393,16
15,30,8,1,0.3333333333333333,0.8888888888888888,0.9375,0.49180327868852464,0.42592592592592593,6,1000,3,0.9,0.0,4x_minrep,24,0.0005844999104738235,50600,4512,393,16
15,30,8,1,0.3333333333333333,0.8888888888888888,0.9375,0.49180327868852464,0.42592592592592593,8,1000,3,0.85,0.0,4x_minrep,32,0.000592879019677639,45526,3648,283,16
15,30,8,1,0.3333333333333333,0.8888888888888888,0.9375,0.49180327868852464,0.42592592592592593,6,1000,3,0.85,0.0,4x_minrep,24,0.0007699490524828434,50600,4512,393,16
14,31,8,1,0.3111111111111111,0.8888888888888888,0.9333333333333333,0.4666666666666667,0.4074074074074074,6,1000,3,0.95,0.05,8x_minrep,48,0.0004656207747757435,50913,4512,392,15
14,31,8,1,0.3111111111111111,0.8888888888888888,0.9333333333333333,0.4666666666666667,0.4074074074074074,8,1000,3,0.9,0.0,maxrep,1000,0.000477625522762537,50721,3648,280,15
14,31,8,1,0.3111111111111111,0.8888888888888888,0.9333333333333333,0.4666666666666667,0.4074074074074074,8,1000,3,0.9,0.05,8x_minrep,64,0.0004792092368006706,43766,3648,280,15
14,31,8,1,0.3111111111111111,0.8888888888888888,0.9333333333333333,0.4666666666666667,0.4074074074074074,8,1000,3,0.9,0.0,4x_minrep,32,0.0004817517474293709,43766,3648,280,15
14,31,8,1,0.3111111111111111,0.8888888888888888,0.9333333333333333,0.4666666666666667,0.4074074074074074,6,1000,3,0.95,0.0,4x_minrep,24,0.0004845801740884781,50600,4512,392,15
14,31,8,1,0.3111111111111111,0.8888888888888888,0.9333333333333333,0.4666666666666667,0.4074074074074074,8,1000,3,0.9,0.0,8x_minrep,64,0.00048583419993519783,43766,3648,280,15
14,31,8,1,0.3111111111111111,0.8888888888888888,0.9333333333333333,0.4666666666666667,0.4074074074074074,6,1000,3,0.95,0.05,maxrep,1000,0.0004990859888494015,56689,4512,392,15
14,31,8,1,0.3111111111111111,0.8888888888888888,0.9333333333333333,0.4666666666666667,0.4074074074074074,6,1000,3,0.95,0.0,8x_minrep,48,0.0005047935992479324,50913,4512,392,15
14,31,8,1,0.3111111111111111,0.8888888888888888,0.9333333333333333,0.4666666666666667,0.4074074074074074,6,1000,3,0.95,0.0,maxrep,1000,0.0005087475292384624,56689,4512,392,15
14,31,8,1,0.3111111111111111,0.8888888888888888,0.9333333333333333,0.4666666666666667,0.4074074074074074,6,1000,3,0.95,0.05,4x_minrep,24,0.0005141198635101318,50600,4512,392,15
14,31,8,1,0.3111111111111111,0.8888888888888888,0.9333333333333333,0.4666666666666667,0.4074074074074074,8,1000,3,0.95,0.0,8x_minrep,64,0.0005208319053053856,43766,3648,280,15
14,31,8,1,0.3111111111111111,0.8888888888888888,0.9333333333333333,0.4666666666666667,0.4074074074074074,8,1000,3,0.9,0.05,maxrep,1000,0.0005280026234686375,50721,3648,280,15
14,31,8,1,0.3111111111111111,0.8888888888888888,0.9333333333333333,0.4666666666666667,0.4074074074074074,8,1000,3,0.95,0.0,4x_minrep,32,0.0005312934517860413,43766,3648,280,15
14,31,8,1,0.3111111111111111,0.8888888888888888,0.9333333333333333,0.4666666666666667,0.4074074074074074,8,1000,3,0.95,0.0,maxrep,1000,0.0005367952398955822,50721,3648,280,15
14,31,8,1,0.3111111111111111,0.8888888888888888,0.9333333333333333,0.4666666666666667,0.4074074074074074,8,1000,3,0.95,0.05,maxrep,1000,0.0005908799357712269,50721,3648,280,15
14,31,8,1,0.3111111111111111,0.8888888888888888,0.9333333333333333,0.4666666666666667,0.4074074074074074,8,1000,3,0.95,0.05,4x_minrep,32,0.000595669262111187,43766,3648,280,15
14,31,8,1,0.3111111111111111,0.8888888888888888,0.9333333333333333,0.4666666666666667,0.4074074074074074,8,1000,3,0.95,0.05,8x_minrep,64,0.0006070826202630997,43766,3648,280,15
14,31,8,1,0.3111111111111111,0.8888888888888888,0.9333333333333333,0.4666666666666667,0.4074074074074074,8,1000,3,0.9,0.05,4x_minrep,32,0.0009028357453644276,43766,3648,280,15
13,32,9,0,0.28888888888888886,1.0,1.0,0.4482758620689655,0.4074074074074074,12,1000,3,0.95,0.1,4x_minrep,48,0.00041775405406951904,15514,1991,138,13
13,32,9,0,0.28888888888888886,1.0,1.0,0.4482758620689655,0.4074074074074074,12,1000,3,0.95,0.1,maxrep,1000,0.00046008452773094177,33720,1991,138,13
13,32,9,0,0.28888888888888886,1.0,1.0,0.4482758620689655,0.4074074074074074,12,1000,3,0.95,0.1,8x_minrep,96,0.0009239576756954193,15514,1991,138,13
13,32,8,1,0.28888888888888886,0.8888888888888888,0.9285714285714286,0.44067796610169485,0.3888888888888889,10,1000,3,0.85,0.0,8x_minrep,80,0.00043600471690297127,36816,2787,179,14
13,32,8,1,0.28888888888888886,0.8888888888888888,0.9285714285714286,0.44067796610169485,0.3888888888888889,10,1000,3,0.85,0.05,4x_minrep,40,0.0004389612004160881,36816,2787,179,14
13,32,8,1,0.28888888888888886,0.8888888888888888,0.9285714285714286,0.44067796610169485,0.3888888888888889,10,1000,3,0.85,0.0,maxrep,1000,0.0004576202481985092,42210,2787,179,14
13,32,8,1,0.28888888888888886,0.8888888888888888,0.9285714285714286,0.44067796610169485,0.3888888888888889,10,1000,3,0.9,0.0,4x_minrep,40,0.00045879511162638664,36816,2787,179,14
13,32,8,1,0.28888888888888886,0.8888888888888888,0.9285714285714286,0.44067796610169485,0.3888888888888889,10,1000,3,0.9,0.0,8x_minrep,80,0.00045887380838394165,36816,2787,179,14
13,32,8,1,0.28888888888888886,0.8888888888888888,0.9285714285714286,0.44067796610169485,0.3888888888888889,10,1000,3,0.9,0.0,maxrep,1000,0.00046842126175761223,42210,2787,179,14
13,32,8,1,0.28888888888888886,0.8888888888888888,0.9285714285714286,0.44067796610169485,0.3888888888888889,10,1000,3,0.9,0.05,8x_minrep,80,0.0004729977808892727,36816,2787,179,14
13,32,8,1,0.28888888888888886,0.8888888888888888,0.9285714285714286,0.44067796610169485,0.3888888888888889,10,1000,3,0.85,0.0,4x_minrep,40,0.0004734615795314312,36816,2787,179,14
13,32,8,1,0.28888888888888886,0.8888888888888888,0.9285714285714286,0.44067796610169485,0.3888888888888889,10,1000,3,0.9,0.05,4x_minrep,40,0.00048433616757392883,36816,2787,179,14
13,32,8,1,0.28888888888888886,0.8888888888888888,0.9285714285714286,0.44067796610169485,0.3888888888888889,10,1000,3,0.85,0.05,maxrep,1000,0.0005207555368542671,42210,2787,179,14
13,32,8,1,0.28888888888888886,0.8888888888888888,0.9285714285714286,0.44067796610169485,0.3888888888888889,10,1000,3,0.9,0.05,maxrep,1000,0.0005226661451160908,42210,2787,179,14
13,32,8,1,0.28888888888888886,0.8888888888888888,0.9285714285714286,0.44067796610169485,0.3888888888888889,10,1000,3,0.85,0.05,8x_minrep,80,0.0007334989495575428,36816,2787,179,14
12,33,9,0,0.26666666666666666,1.0,1.0,0.4210526315789474,0.3888888888888889,12,1000,5,0.95,0.05,8x_minrep,96,0.0003703371621668339,19555,2730,127,12
12,33,9,0,0.26666666666666666,1.0,1.0,0.4210526315789474,0.3888888888888889,12,1000,5,0.95,0.0,8x_minrep,96,0.0003758314996957779,19555,2730,127,12
12,33,9,0,0.26666666666666666,1.0,1.0,0.4210526315789474,0.3888888888888889,12,1000,5,0.95,0.05,4x_minrep,48,0.00037703942507505417,19555,2730,127,12
12,33,9,0,0.26666666666666666,1.0,1.0,0.4210526315789474,0.3888888888888889,12,1000,7,0.95,0.05,4x_minrep,48,0.0003982041962444782,22855,3314,145,12
12,33,9,0,0.26666666666666666,1.0,1.0,0.4210526315789474,0.3888888888888889,12,1000,7,0.95,0.0,8x_minrep,96,0.0004007909446954727,22855,3314,145,12
12,33,9,0,0.26666666666666666,1.0,1.0,0.4210526315789474,0.3888888888888889,12,1000,10,0.95,0.05,8x_minrep,96,0.0004018670879304409,25705,3945,154,12
12,33,9,0,0.26666666666666666,1.0,1.0,0.4210526315789474,0.3888888888888889,12,1000,10,0.95,0.0,4x_minrep,48,0.00040496187284588814,25705,3945,154,12
12,33,9,0,0.26666666666666666,1.0,1.0,0.4210526315789474,0.3888888888888889,12,1000,5,0.95,0.0,maxrep,1000,0.00041033094748854637,44946,2730,127,12
12,33,9,0,0.26666666666666666,1.0,1.0,0.4210526315789474,0.3888888888888889,12,1000,50,0.95,0.05,8x_minrep,96,0.0004112483002245426,28897,5453,160,12
12,33,9,0,0.26666666666666666,1.0,1.0,0.4210526315789474,0.3888888888888889,12,1000,7,0.95,0.0,4x_minrep,48,0.00041779177263379097,22855,3314,145,12
12,33,9,0,0.26666666666666666,1.0,1.0,0.4210526315789474,0.3888888888888889,12,1000,7,0.95,0.05,8x_minrep,96,0.0004186672158539295,22855,3314,145,12
12,33,9,0,0.26666666666666666,1.0,1.0,0.4210526315789474,0.3888888888888889,12,1000,20,0.95,0.05,4x_minrep,48,0.00041879061609506607,28697,5140,160,12
12,33,9,0,0.26666666666666666,1.0,1.0,0.4210526315789474,0.3888888888888889,12,1000,50,0.95,0.05,4x_minrep,48,0.0004192073829472065,28897,5453,160,12
12,33,9,0,0.26666666666666666,1.0,1.0,0.4210526315789474,0.3888888888888889,12,1000,5,0.95,0.0,4x_minrep,48,0.0004204600118100643,19555,2730,127,12
12,33,9,0,0.26666666666666666,1.0,1.0,0.4210526315789474,0.3888888888888889,12,1000,5,0.95,0.05,maxrep,1000,0.0004250435158610344,44946,2730,127,12
12,33,9,0,0.26666666666666666,1.0,1.0,0.4210526315789474,0.3888888888888889,12,1000,10,0.95,0.0,8x_minrep,96,0.00042795948684215546,25705,3945,154,12
12,33,9,0,0.26666666666666666,1.0,1.0,0.4210526315789474,0.3888888888888889,12,1000,50,0.95,0.0,4x_minrep,48,0.00042883167043328285,28897,5453,160,12
12,33,9,0,0.26666666666666666,1.0,1.0,0.4210526315789474,0.3888888888888889,12,1000,20,0.95,0.05,8x_minrep,96,0.0004363744519650936,28697,5140,160,12
12,33,9,0,0.26666666666666666,1.0,1.0,0.4210526315789474,0.3888888888888889,12,1000,50,0.95,0.0,8x_minrep,96,0.0004378356970846653,28897,5453,160,12
12,33,9,0,0.26666666666666666,1.0,1.0,0.4210526315789474,0.3888888888888889,12,1000,7,0.95,0.0,maxrep,1000,0.00044362805783748627,54309,3314,145,12
12,33,9,0,0.26666666666666666,1.0,1.0,0.4210526315789474,0.3888888888888889,12,1000,20,0.95,0.0,8x_minrep,96,0.00044371001422405243,28697,5140,160,12
12,33,9,0,0.26666666666666666,1.0,1.0,0.4210526315789474,0.3888888888888889,12,1000,20,0.95,0.0,4x_minrep,48,0.00044929469004273415,28697,5140,160,12
12,33,9,0,0.26666666666666666,1.0,1.0,0.4210526315789474,0.3888888888888889,12,1000,10,0.95,0.0,maxrep,1000,0.00044962111860513687,64394,3945,154,12
12,33,9,0,0.26666666666666666,1.0,1.0,0.4210526315789474,0.3888888888888889,12,1000,7,0.95,0.05,maxrep,1000,0.00048245908692479134,54309,3314,145,12
12,33,9,0,0.26666666666666666,1.0,1.0,0.4210526315789474,0.3888888888888889,12,1000,20,0.95,0.05,maxrep,1000,0.0004889955744147301,82305,5140,160,12
12,33,9,0,0.26666666666666666,1.0,1.0,0.4210526315789474,0.3888888888888889,12,1000,10,0.95,0.05,maxrep,1000,0.0005085412412881851,64394,3945,154,12
12,33,9,0,0.26666666666666666,1.0,1.0,0.4210526315789474,0.3888888888888889,12,1000,20,0.95,0.0,maxrep,1000,0.0005106688477098942,82305,5140,160,12
12,33,9,0,0.26666666666666666,1.0,1.0,0.4210526315789474,0.3888888888888889,12,1000,50,0.95,0.05,maxrep,1000,0.000511873047798872,86477,5453,160,12
12,33,9,0,0.26666666666666666,1.0,1.0,0.4210526315789474,0.3888888888888889,12,1000,50,0.95,0.0,maxrep,1000,0.0005163778550922871,86477,5453,160,12
12,33,9,0,0.26666666666666666,1.0,1.0,0.4210526315789474,0.3888888888888889,12,1000,10,0.95,0.05,4x_minrep,48,0.0008073705248534679,25705,3945,154,12
12,33,8,1,0.26666666666666666,0.8888888888888888,0.9230769230769231,0.4137931034482759,0.37037037037037035,10,1000,3,0.95,0.0,4x_minrep,40,0.00040612928569316864,22056,2787,178,13
12,33,8,1,0.26666666666666666,0.8888888888888888,0.9230769230769231,0.4137931034482759,0.37037037037037035,10,1000,3,0.95,0.0,8x_minrep,80,0.000419416930526495,22056,2787,178,13
12,33,8,1,0.26666666666666666,0.8888888888888888,0.9230769230769231,0.4137931034482759,0.37037037037037035,10,1000,3,0.95,0.05,8x_minrep,80,0.0004916209727525711,22056,2787,178,13
12,33,8,1,0.26666666666666666,0.8888888888888888,0.9230769230769231,0.4137931034482759,0.37037037037037035,10,1000,3,0.95,0.05,maxrep,1000,0.0005026697181165218,42143,2787,178,13
12,33,8,1,0.26666666666666666,0.8888888888888888,0.9230769230769231,0.4137931034482759,0.37037037037037035,10,1000,3,0.95,0.0,maxrep,1000,0.0006478326395153999,42143,2787,178,13
12,33,8,1,0.26666666666666666,0.8888888888888888,0.9230769230769231,0.4137931034482759,0.37037037037037035,10,1000,3,0.95,0.05,4x_minrep,40,0.0006623710505664349,22056,2787,178,13
9,36,9,0,0.2,1.0,1.0,0.33333333333333337,0.3333333333333333,12,1000,3,0.9,0.05,4x_minrep,48,0.00035658106207847595,19866,1991,98,9
9,36,9,0,0.2,1.0,1.0,0.33333333333333337,0.3333333333333333,12,1000,3,0.9,0.05,8x_minrep,96,0.0003571300767362118,19866,1991,98,9
9,36,9,0,0.2,1.0,1.0,0.33333333333333337,0.3333333333333333,12,1000,3,0.9,0.0,8x_minrep,96,0.00035792170092463493,19866,1991,98,9
9,36,9,0,0.2,1.0,1.0,0.33333333333333337,0.3333333333333333,12,1000,3,0.9,0.05,maxrep,1000,0.0003674626350402832,33074,1991,98,9
9,36,9,0,0.2,1.0,1.0,0.33333333333333337,0.3333333333333333,12,1000,3,0.9,0.0,4x_minrep,48,0.00037191249430179596,19866,1991,98,9
9,36,9,0,0.2,1.0,1.0,0.33333333333333337,0.3333333333333333,12,1000,3,0.85,0.0,4x_minrep,48,0.00037721218541264534,19866,1991,98,9
9,36,9,0,0.2,1.0,1.0,0.33333333333333337,0.3333333333333333,12,1000,3,0.85,0.05,8x_minrep,96,0.0003777923993766308,19866,1991,98,9
9,36,9,0,0.2,1.0,1.0,0.33333333333333337,0.3333333333333333,12,1000,3,0.85,0.05,4x_minrep,48,0.000379911158233881,19866,1991,98,9
9,36,9,0,0.2,1.0,1.0,0.33333333333333337,0.3333333333333333,12,1000,3,0.9,0.0,maxrep,1000,0.00038020871579647064,33074,1991,98,9
9,36,9,0,0.2,1.0,1.0,0.33333333333333337,0.3333333333333333,12,1000,3,0.85,0.0,8x_minrep,96,0.0003882497549057007,19866,1991,98,9
9,36,9,0,0.2,1.0,1.0,0.33333333333333337,0.3333333333333333,12,1000,3,0.85,0.05,maxrep,1000,0.0003897082060575485,33074,1991,98,9
9,36,9,0,0.2,1.0,1.0,0.33333333333333337,0.3333333333333333,12,1000,3,0.85,0.0,maxrep,1000,0.00042321067303419113,33074,1991,98,9
8,37,9,0,0.17777777777777778,1.0,1.0,0.3018867924528302,0.3148148148148148,12,1000,3,0.95,0.05,8x_minrep,96,0.0003318311646580696,14789,1991,97,8
8,37,9,0,0.17777777777777778,1.0,1.0,0.3018867924528302,0.3148148148148148,12,1000,3,0.95,0.0,4x_minrep,48,0.0003335876390337944,14789,1991,97,8
8,37,9,0,0.17777777777777778,1.0,1.0,0.3018867924528302,0.3148148148148148,12,1000,3,0.95,0.05,maxrep,1000,0.00035221176221966743,32995,1991,97,8
8,37,9,0,0.17777777777777778,1.0,1.0,0.3018867924528302,0.3148148148148148,12,1000,3,0.95,0.05,4x_minrep,48,0.00035304389894008636,14789,1991,97,8
8,37,9,0,0.17777777777777778,1.0,1.0,0.3018867924528302,0.3148148148148148,12,1000,3,0.95,0.0,8x_minrep,96,0.00035904115065932274,14789,1991,97,8
8,37,9,0,0.17777777777777778,1.0,1.0,0.3018867924528302,0.3148148148148148,12,1000,3,0.95,0.0,maxrep,1000,0.00037387339398264885,32995,1991,97,8
